author_num,filename,date
6111,RapidApp-1.1005.tar.gz,1454285104
3956,File-DataClass-0.67.1.tar.gz,1454285923
6595,CGI-apacheSSI-0.96.tar.gz,1454287009
2321,Test-PostgreSQL-1.20_05.tar.gz,1454295036
6756,Tie-Scalar-Callback-0.05.tar.gz,1454295956
6756,Tie-Scalar-Callback-0.06.tar.gz,1454296502
154,podlators-4.06.tar.gz,1454299691
6683,WWW-OAuth-0.002.tar.gz,1454300618
2058,self-0.35.tar.gz,1454311594
4326,WebService-Raygun-0.028.tar.gz,1454316070
5062,Geo-Address-Formatter-1.49.tar.gz,1454324480
1984,AtteanX-Store-LDF-0.005_01.tar.gz,1454326840
1047,InfluxDB-Writer-1.002.tar.gz,1454327458
6221,PONAPI-Server-0.002010.tar.gz,1454327707
2604,WWW-Jirafe-0.01.tar.gz,1454329089
6968,WebService-Europeana-0.0.1-TRIAL.tar.gz,1454329101
6433,Moove-0.001.tar.gz,1454330854
6433,Exporter-Attributes-0.002.tar.gz,1454331098
36,App-CPANtoRPM-1.04.tar.gz,1454333457
1984,AtteanX-Store-LDF-0.005_02.tar.gz,1454335212
3956,File-DataClass-0.68.1.tar.gz,1454337191
2405,SWISH-HiLiter-0.08.tar.gz,1454339940
4321,WebService-Pingboard-0.006.tar.gz,1454342228
4672,Webinject-1.90.tar.gz,1454342849
5026,PDF-Create-1.28.tar.gz,1454343168
2048,Mojolicious-6.43.tar.gz,1454343340
5546,Net-DNS-1.04_01.tar.gz,1454343987
6159,Text-Amuse-0.55.tar.gz,1454344303
3218,Net-PcapWriter-0.724.tar.gz,1454345159
6538,MaxMind-DB-Reader-1.000010.tar.gz,1454345410
5467,Pango-1.227.tar.gz,1454345422
5467,Glib-1.321.tar.gz,1454345509
5467,Gtk2-1.2498.tar.gz,1454345521
3989,jacode-2.13.4.12.tar.gz,1454346997
554,Dist-Zilla-PluginBundle-DROLSKY-0.42.tar.gz,1454347691
5787,Alien-Base-0.026_01.tar.gz,1454352096
548,Net-Silk-2.01.tar.gz,1454352412
3492,AnyEvent-Eris-0.000001.tar.gz,1454354639
1553,Dancer-Plugin-RPC-0.99_09.tar.gz,1454357755
4652,Tk-Text-SuperText-0.9.5.tar.gz,1454361773
4622,Flickr-Upload-1.51.tar.gz,1454367002
5891,MCE-1.699_008.tar.gz,1454367622
1688,Hash-Ordered-0.010.tar.gz,1454372169
6620,Catalyst-View-MicroTemplate-DataSection-0.03.tar.gz,1454376727
5078,Aniki-0.87.tar.gz,1454376970
1715,Graph-Weighted-0.6001.tar.gz,1454377057
6634,Mesos-1.06.4.tar.gz,1454382994
4077,Test-CGI-External-0.13.tar.gz,1454383781
6969,Test-Deep-URI-0.01.tar.gz,1454385159
6933,WebService-ILS-0.05.tar.gz,1454386232
998,Encode-Wechsler-0.01.tar.gz,1454387235
5787,Alien-Base-0.026_02.tar.gz,1454387402
5827,Otogiri-0.17.tar.gz,1454392706
6684,Mojo-SinaWeibo-1.6.tar.gz,1454398390
5546,Net-DNS-1.04_02.tar.gz,1454400222
4249,Config-Onion-1.006.tar.gz,1454400388
6433,HTTP-Headers-Fancy-1.001.tar.gz,1454403050
2877,App-Netdisco-2.033005.tar.gz,1454404275
6656,Netflow-Parser-0.05.tar.gz,1454405968
6341,App-Dochazka-CLI-0.235.tar.gz,1454406055
1306,Git-Repository-Plugin-AUTOLOAD-1.002.tar.gz,1454406837
2365,Math-LongDouble-0.18.tar.gz,1454407685
5026,Astro-Utils-0.02.tar.gz,1454407854
2365,CPAN-Test-Dummy-Perl5-Make-CompilationFails-0.02.tar.gz,1454411196
6970,InfluxDB-LineProtocol-1.007.tar.gz,1454411283
3956,File-Gettext-0.30.1.tar.gz,1454414854
4321,WebService-Pingboard-0.007.tar.gz,1454415707
6433,Text-API-Blueprint-0.001.tar.gz,1454416555
78,WebService-BambooHR-0.06.tar.gz,1454416642
5649,Dancer-Plugin-Catmandu-SRU-0.0401.tar.gz,1454418179
6212,Win32-LongPath-1.04.tar.gz,1454422201
1505,PAR-Packer-1.029_01.tar.gz,1454424861
6482,Pod-Elemental-Transformer-Stenciller-0.0300.tar.gz,1454426084
5390,Lab-Measurement-3.500.tar.gz,1454426327
5611,Object-RateLimiter-1.003001.tar.gz,1454427281
548,Net-Silk-2.02.tar.gz,1454428132
6601,Complete-Bash-0.26.tar.gz,1454428622
2357,Music-Voss-0.01.tar.gz,1454429623
554,Data-Validate-IP-0.25.tar.gz,1454429866
1715,Task-MusicBundle-0.0502.tar.gz,1454431395
6538,MaxMind-DB-Common-0.040001.tar.gz,1454432772
6029,PONAPI-Server-0.002011.tar.gz,1454432859
6221,PONAPI-Server-0.002012.tar.gz,1454435448
3323,Win32-TieRegistry-0.30.tar.gz,1454435535
430,Template-Flute-0.0192.tar.gz,1454436774
6221,PONAPI-Client-0.002003.tar.gz,1454436861
5578,Wrap-Sub-0.04.tar.gz,1454438947
5062,Geo-Address-Formatter-1.50.tar.gz,1454440023
998,Spreadsheet-HTML-1.17.tar.gz,1454441702
2591,Test2-0.000025.tar.gz,1454443774
6968,WebService-Europeana-0.0.1.tar.gz,1454443891
5616,DateTimeX-Format-Excel-v0.12.34.tar.gz,1454444436
6538,MaxMind-DB-Reader-1.000011.tar.gz,1454444830
5679,XSConfig-6.13.tar.gz,1454445385
5611,Object-RateLimiter-1.004001.tar.gz,1454446384
5578,Wrap-Sub-0.05.tar.gz,1454446854
219,Tie-Cycle-1.221.tar.gz,1454447929
6847,Google-Ads-AdWords-Client-4.3.0.tar.gz,1454448017
6482,Pod-Elemental-Transformer-Splint-0.1200.tar.gz,1454448701
5560,Bio-Grid-Run-SGE-0.04.tar.gz,1454449241
6946,No-OrgNr-v0.7.0.tar.gz,1454449328
5562,Dancer-Plugin-I18N-0.43.tar.gz,1454450761
2148,CLI-Helpers-0.9.tar.gz,1454452431
3796,Getopt-Long-CGI-0.01.tar.gz,1454453507
4136,DBIx-Class-InflateColumn-Boolean-0.003000.tar.gz,1454454506
78,Lingua-Stem-Ru-0.02.tar.gz,1454456261
475,Verilog-Perl-3.418.tar.gz,1454456273
1715,Graph-Weighted-0.70.tar.gz,1454456763
219,HTTP-Cookies-Mozilla-2.011_01.tar.gz,1454458442
5891,MCE-1.699_009.tar.gz,1454459590
3265,Scalar-List-Utils-1.42_001.tar.gz,1454461115
4977,Pcore-GeoIP-v0.5.1.tar.gz,1454461658
219,HTTP-Cookies-Mozilla-2.011_02.tar.gz,1454462522
4977,Pcore-v0.18.0.tar.gz,1454462688
4977,Pcore-Nginx-v0.3.1.tar.gz,1454462926
4977,Pcore-Redis-v0.2.1.tar.gz,1454462996
4977,Pcore-Selenium-v0.3.1.tar.gz,1454463003
4977,Pcore-Sphinx-v0.2.1.tar.gz,1454463180
219,Mac-Path-Util-1.001.tar.gz,1454464182
5958,Crypt-DRBG-0.000002.tar.gz,1454464349
6473,Data-Chronicle-0.02.tar.gz,1454464531
219,Polyglot-1.001.tar.gz,1454465003
6473,Data-Chronicle-0.03.tar.gz,1454465325
1654,UI-Dialog-1.14.tar.gz,1454465412
3956,IPC-SRLock-0.28.1.tar.gz,1454467405
5029,Dist-Zilla-PluginBundle-FLORA-0.17.tar.gz,1454467731
4820,TemplateRex-2.0.tar.gz,1454469339
6022,Sisimai-4.14.2.tar.gz,1454471092
1537,Win32API-File-Time-0.007_01.tar.gz,1454472184
5014,WebService-Stripe-1.0200.tar.gz,1454475673
5412,CGI-Test-1.111.tar.gz,1454477203
1715,Graph-Weighted-0.7001.tar.gz,1454479513
4077,Parse-Gitignore-0.01.tar.gz,1454481645
5063,Koha-Contrib-Tamil-0.044.tar.gz,1454482644
5014,WebService-Stripe-1.0300.tar.gz,1454483511
5078,SQL-Translator-Producer-DBIxSchemaDSL-0.04.tar.gz,1454484435
6684,Mojo-Weixin-1.0.2.tar.gz,1454485207
6433,Tie-Symbol-0.001.tar.gz,1454488957
78,Hook-WrapSub-0.06.tar.gz,1454490181
6473,Quant-Framework-0.01.tar.gz,1454491104
1824,DBIx-Lite-0.22.tar.gz,1454491954
6601,Complete-Bash-0.27.tar.gz,1454493940
6601,Complete-Bash-History-0.05.tar.gz,1454494410
656,Log-Report-1.13.tar.gz,1454495891
6601,Complete-Getopt-Long-0.41.tar.gz,1454496386
6482,Pod-Elemental-Transformer-Splint-0.1201.tar.gz,1454496473
6601,Getopt-Long-Complete-0.27.tar.gz,1454496727
6601,Getopt-Long-Subcommand-0.05.tar.gz,1454496971
6729,Finance-Nadex-0.04.tar.gz,1454497139
6601,App-riap-0.34.tar.gz,1454497612
4077,Convert-Moji-0.08.tar.gz,1454499972
2885,ClearPress-v472.0.5.tar.gz,1454500592
5026,XML-XPath-1.29.tar.gz,1454505006
4686,Acme-MilkyHolmes-0.07.tar.gz,1454505347
6476,Gtk2-Ex-DbLinker-0.103.tar.gz,1454506584
6476,Wx-Perl-DbLinker-0.004.tar.gz,1454507152
6476,Gtk2-Ex-DbLinker-DbTools-0.103.tar.gz,1454507632
6869,App-perl2js-0.01.tar.gz,1454510223
6869,App-perl2js-0.02.tar.gz,1454511941
5580,WWW-LogicBoxes-1.0.3.tar.gz,1454512028
1688,Log-Any-1.033-TRIAL.tar.gz,1454513642
6274,Ticketmaster-API-0.01.tar.gz,1454513812
5787,Clustericious-1.16.tar.gz,1454513899
6482,Dist-Iller-0.1301.tar.gz,1454514953
2591,Test2-Workflow-0.000002.tar.gz,1454516037
6029,PONAPI-Server-0.002013.tar.gz,1454517197
1264,Attean-0.011_01.tar.gz,1454517598
1984,AtteanX-Store-LDF-0.005_03.tar.gz,1454518066
4663,Clownfish-0.4.4.tar.gz,1454519364
4663,Clownfish-CFC-0.4.4.tar.gz,1454519375
4663,Lucy-0.4.4.tar.gz,1454519462
3048,WWW-Sitebase-0.14.tar.gz,1454520235
6482,Dist-Iller-0.1302.tar.gz,1454520555
2467,Net-Write-Fast-0.17.tar.gz,1454521033
6482,Dist-Iller-Config-Author-CSSON-0.0202.tar.gz,1454521201
1243,URI-db-0.17.tar.gz,1454524618
6466,Net-ISC-DHCPd-0.1709.tar.gz,1454525577
5616,DateTimeX-Format-Excel-v0.12.36.tar.gz,1454526993
5167,Stash-REST-0.09.tar.gz,1454527313
283,Regexp-Common-2016020301.tar.gz,1454527783
6946,No-OrgNr-v0.7.1.tar.gz,1454528587
6946,No-OrgNr-v0.7.2.tar.gz,1454529434
6427,Locale-CLDR-v0.28.3-TRIAL.tar.gz,1454529445
5578,Devel-Examine-Subs-1.63.tar.gz,1454530520
3736,File-Open-1.0001_02.tar.gz,1454531069
6433,Text-API-Blueprint-0.002.tar.gz,1454534183
3596,MySQL-Admin-0.98.tar.gz,1454536315
6482,Stenciller-0.1400.tar.gz,1454536480
5679,XSConfig-6.14.tar.gz,1454539904
4077,Test-CGI-External-0.14.tar.gz,1454546716
5718,Vmprobe-v0.1.5.tar.gz,1454547640
5578,Wrap-Sub-0.06.tar.gz,1454549429
5929,Dist-Zilla-Plugin-Alien-0.023.tar.gz,1454551335
4077,Directory-Diff-0.01.tar.gz,1454560873
3686,Code-TidyAll-Plugin-YAML-0.000001.tar.gz,1454561192
4077,Compress-Huffman-0.01.tar.gz,1454562870
2321,Test-PostgreSQL-1.20.tar.gz,1454563567
2467,Net-Write-Fast-0.18.tar.gz,1454567435
4077,Compress-Huffman-0.02.tar.gz,1454568210
6601,WordList-Phrase-ZH-CCIC-0.01.tar.gz,1454569586
82,B-Flags-0.16.tar.gz,1454573155
4077,Parse-Gitignore-0.02.tar.gz,1454574532
6601,WordList-ZH-HSK-0.01.tar.gz,1454576361
6601,Games-Word-Wordlist-HSK-0.01.tar.gz,1454577142
6601,Games-Word-Phraselist-CCIC-0.01.tar.gz,1454577461
5974,App-Dockerfile-Template-2.00.tar.gz,1454579140
6433,Text-API-Blueprint-0.003.tar.gz,1454579914
6385,Net-AMQP-RabbitMQ-1.500000.tar.gz,1454581064
6341,App-Dochazka-CLI-0.236.tar.gz,1454581152
4216,Plack-App-SourceViewer-0.01.tar.gz,1454581327
5230,Plack-Middleware-Image-Scale-0.011.tar.gz,1454583080
6601,WordList-Phrase-ZH-Proverb-ChineseTools-0.01.tar.gz,1454588763
6601,Games-Word-Phraselist-Proverb-ChineseTools-0.01.tar.gz,1454589007
78,Lingua-Stem-Ru-0.03.tar.gz,1454590686
6601,WordList-FR-ODS3-7To8-0.01.tar.gz,1454592743
6601,Perinci-Access-Perl-0.86.tar.gz,1454592986
6601,WordList-FR-WiktionaryES-0.01.tar.gz,1454594138
5026,XML-XPath-1.30.tar.gz,1454595364
6601,WordList-Phrase-FR-Proverb-Wikiquote-0.01.tar.gz,1454595702
5578,Devel-Examine-Subs-1.64.tar.gz,1454597155
6601,Perinci-Sub-Wrapper-0.82.tar.gz,1454598536
2720,DBIx-Class-BatchUpdate-1.000.tar.gz,1454598705
5787,Alien-Base-0.027.tar.gz,1454599481
5649,Catmandu-1.00_01.tar.gz,1454599960
3265,Scalar-List-Utils-1.42_002.tar.gz,1454600579
6601,Perinci-Examples-0.69.tar.gz,1454600744
6601,Test-Perinci-CmdLine-1.38.tar.gz,1454601079
6601,App-LintPrereqs-0.34.tar.gz,1454601247
6601,Perinci-CmdLine-Lite-1.50.tar.gz,1454601492
6601,Perinci-CmdLine-Classic-1.66.tar.gz,1454601738
5787,Dist-Zilla-PluginBundle-Author-Plicease-1.99.tar.gz,1454601825
6601,Perinci-CmdLine-Inline-0.35.tar.gz,1454601995
6661,OpenERP-OOM-0.40.tar.gz,1454602082
1264,Attean-0.011_02.tar.gz,1454602271
4932,Algorithm-DecisionTree-3.30.tar.gz,1454603116
6029,PONAPI-Client-0.002004.tar.gz,1454603745
6457,CGI-4.26.tar.gz,1454603832
6029,PONAPI-Client-0.002005.tar.gz,1454604242
2757,Data-Embed-0.30.tar.gz,1454604487
3956,Class-Usul-0.69.1.tar.gz,1454606622
3956,Class-Usul-0.70.1.tar.gz,1454607041
2720,Time-Progress-Stored-1.000.tar.gz,1454610936
2591,Test2-Workflow-0.000003.tar.gz,1454611636
2720,DBIx-Class-BatchUpdate-1.001.tar.gz,1454612495
2720,Time-Progress-Stored-1.001.tar.gz,1454612665
1688,Log-Any-1.035-TRIAL.tar.gz,1454615329
3686,Data-Printer-Filter-DBIx-Class-0.000003.tar.gz,1454617309
5680,Kafka-0.9000.tar.gz,1454618081
78,Hook-WrapSub-0.07.tar.gz,1454618168
1984,AtteanX-Store-LDF-0.006.tar.gz,1454620089
998,Encode-Wechsler-0.02.tar.gz,1454620176
78,Apache-OneTimeURL-1.34.tar.gz,1454621484
3888,Minions-1.000000.tar.gz,1454622483
998,Spreadsheet-HTML-1.18.tar.gz,1454624617
5560,Bio-Grid-Run-SGE-0.041.tar.gz,1454625707
4077,Directory-Diff-0.02.tar.gz,1454626357
4301,Giovanni-1.12.tar.gz,1454627283
5293,Minion-Backend-Pg91-4.04.tar.gz,1454638786
5293,Minion-Backend-Pg91-4.0401.tar.gz,1454639859
1264,Attean-0.012.tar.gz,1454646299
3686,Mojolicious-Plugin-Web-Auth-Site-Contrib-Spotify-0.000001.tar.gz,1454649239
5663,MarpaX-Languages-IDL-AST-0.006.tar.gz,1454650237
2591,Test2-Workflow-0.000004.tar.gz,1454651389
2591,Test2-Plugin-SpecDeclare-0.000001.tar.gz,1454652627
2757,Data-Embed-0.3_01.tar.gz,1454653248
6601,App-wordlist-0.19.tar.gz,1454657267
4077,Compress-Huffman-0.03.tar.gz,1454658417
4077,Parse-Diagnostics-0.01.tar.gz,1454659718
6683,Sereal-Dclone-0.001.tar.gz,1454660188
2757,Data-Embed-0.3_02.tar.gz,1454662775
6079,Test-BDD-Cucumber-Harness-Html-1.005.tar.gz,1454665509
6601,Finance-Currency-Convert-BI-0.02.tar.gz,1454668548
6601,Config-IOD-Reader-0.21.tar.gz,1454668716
6601,Games-Word-Phraselist-0.05.tar.gz,1454669039
2720,DBIx-Class-BatchUpdate-1.002.tar.gz,1454669358
2365,Math-MPC-1.05.tar.gz,1454670434
2720,DBIx-Class-BatchUpdate-1.003.tar.gz,1454672490
5167,Stash-REST-0.10.tar.gz,1454672501
6684,Mojo-Webqq-1.7.1.tar.gz,1454673048
6968,WebService-Europeana-0.0.2.tar.gz,1454673270
5546,Net-DNS-1.04_03.tar.gz,1454674797
5560,Bio-Grid-Run-SGE-0.042.tar.gz,1454676020
3956,Class-Usul-0.71.1.tar.gz,1454678258
6029,PONAPI-Client-0.002006.tar.gz,1454678677
6079,Mail-SpamAssassin-Plugin-RedisAWL-1.001.tar.gz,1454681793
5026,BankAccount-Validator-UK-0.24.tar.gz,1454682113
2757,Data-Embed-0.31.tar.gz,1454682358
2720,DBIx-Class-BatchUpdate-1.004.tar.gz,1454684268
5293,Minion-Backend-Pg91-4.0402.tar.gz,1454685420
2761,Geo-Coordinates-OSGB-2.13.tar.gz,1454685587
5680,Kafka-0.9001.tar.gz,1454685758
531,Business-CreditCard-0.34.tar.gz,1454686160
5293,Minion-Backend-Pg91-4.0403.tar.gz,1454686933
2720,Time-Progress-Stored-1.002.tar.gz,1454687176
2357,Music-Voss-0.02.tar.gz,1454687497
2048,Minion-4.05.tar.gz,1454687816
5686,HackaMol-0.033.tar.gz,1454689804
3686,Data-Printer-Filter-DBIx-Class-0.000004.tar.gz,1454692338
5756,Math-BigNum-0.01.tar.gz,1454693186
6661,Odoo-Database-Manager-0.01.tar.gz,1454693581
2591,Test2-Suite-0.000020.tar.gz,1454693974
6661,Odoo-Database-Manager-0.02.tar.gz,1454694198
6457,Acme-Ognon-0.01.tar.gz,1454695952
6457,Acme-Ognon-1.00.tar.gz,1454696346
6457,Acme-Ognon-1.01.tar.gz,1454696665
6457,Acme-Ognon-1.02.tar.gz,1454696907
6457,Acme-Ognon-1990.tar.gz,1454697528
1243,DBIx-Connector-0.54.tar.gz,1454698374
6457,Acme-Ognon-1990.1.tar.gz,1454698386
1243,DBIx-Connector-0.55.tar.gz,1454698790
6466,SNMP-OID-Translate-0.0004.tar.gz,1454700326
2169,Number-Continuation-0.04_02.tar.gz,1454700947
2591,Test2-Workflow-0.000005.tar.gz,1454702246
6971,PMLTQ-1.2.0.tar.gz,1454704995
6482,Dist-Iller-0.1400.tar.gz,1454705082
6972,SMS-Send-BR-Facilitamovel-0.01.tar.gz,1454709473
2048,Minion-4.06.tar.gz,1454711907
6482,Dist-Iller-0.1401.tar.gz,1454712159
2048,Mojolicious-6.44.tar.gz,1454712171
5293,Minion-Backend-Pg91-4.06.tar.gz,1454713883
5616,DateTimeX-Format-Excel-v0.12.38.tar.gz,1454714277
2591,Test-Stream-1.302027.tar.gz,1454715730
2591,Test2-Workflow-0.000006.tar.gz,1454716058
3956,Class-Usul-0.72.1.tar.gz,1454716919
1688,Log-Any-1.037-TRIAL.tar.gz,1454722027
6823,Crypt-RS14_PP-0.03.tar.gz,1454725367
5756,Math-BigNum-0.02.tar.gz,1454726668
3686,Mojolicious-Plugin-Web-Auth-Site-Spotify-0.000001.tar.gz,1454729642
5787,Alien-bison-0.16.tar.gz,1454730791
5787,Alien-flex-0.07.tar.gz,1454731034
5787,Alien-gmake-0.14.tar.gz,1454731121
5787,Alien-patch-0.08.tar.gz,1454731282
5787,Alien-Editline-0.06.tar.gz,1454731369
5787,Alien-Hunspell-0.07.tar.gz,1454731692
1221,Devel-Timer-0.07.tar.gz,1454736166
2275,Nexmo-SMS-0.09.tar.gz,1454740868
3596,MySQL-Admin-0.99.tar.gz,1454743462
1583,Data-SimplePassword-0.11.tar.gz,1454743947
1553,Dancer-Plugin-RPC-0.99_10.tar.gz,1454747892
5026,Data-Money-0.12.tar.gz,1454748283
6601,Acme-Test-SameRelease-0.01.tar.gz,1454749967
6601,Acme-Test-SameRelease-0.02.tar.gz,1454750602
2297,Net-Nessus-REST-v0.5.1.tar.gz,1454752827
3596,MySQL-Admin-1.tar.gz,1454752915
5063,Koha-Contrib-Sudoc-2.18.tar.gz,1454753316
6601,App-DataPackUtils-0.03.tar.gz,1454753951
6601,App-DataPackUtils-0.04.tar.gz,1454753962
6601,App-FatPackUtils-0.06.tar.gz,1454753974
6601,App-FatPackUtils-0.07.tar.gz,1454753985
6601,App-GenPericmdCompleterScript-0.08.tar.gz,1454753997
6601,App-wordlist-0.20.tar.gz,1454754008
6601,Complete-Program-0.39.tar.gz,1454754020
6482,Dist-Iller-Config-Author-CSSON-0.0300.tar.gz,1454757743
2757,Data-Embed-0.31_1.tar.gz,1454761764
6457,Acme-Ognon-1990.2.tar.gz,1454763968
6427,Locale-CLDR-v0.28.3-TRIAL.1.tar.gz,1454765873
4746,Redis-LeaderBoard-1.11.tar.gz,1454766946
336,WWW-Search-Lycos-2.225.tar.gz,1454769836
6238,IPC-Open3-Callback-1.19.tar.gz,1454772649
336,Net-Ifconfig-Wrapper-0.14.tar.gz,1454774107
6238,Config-Entities-1.04.tar.gz,1454774652
3596,MySQL-Admin-1.01.tar.gz,1454780638
6165,App-XMMS2-Notifier-0.001002.tar.gz,1454784522
5057,Mojo-PgX-Cursor-0.502001.tar.gz,1454784767
6973,Test-Module-Runnable-0.1.0.tar.gz,1454785694
504,Encode-2.81.tar.gz,1454787298
3218,IO-Socket-SSL-2.024.tar.gz,1454787498
504,Encode-2.82.tar.gz,1454790097
6756,Tie-Scalar-Callback-0.061.tar.gz,1454790822
2688,Git-CPAN-Patch-2.2.1.tar.gz,1454798018
6482,Dist-Zilla-Plugin-Changelog-Grouped-0.0100.tar.gz,1454800089
6966,Zabbix-Tiny-1.02.tar.gz,1454800785
2750,Net-FullAuto-1.0000051.tar.gz,1454804806
3956,Web-ComposableRequest-0.7.1.tar.gz,1454814963
5026,Data-Money-0.13.tar.gz,1454818318
6707,WWW-YahooJapan-Baseball-0.04.tar.gz,1454822800
384,Image-Magick-CommandParser-1.00.tgz,1454823574
4977,Pcore-v0.18.1.tar.gz,1454827519
6359,Acme-RandomEmoji-0.02.tar.gz,1454835689
2275,Module-OTRS-CoreList-0.11.tar.gz,1454835857
6359,App-cpm-0.114.tar.gz,1454836251
5225,Control-CLI-2.02.tar.gz,1454841791
5225,Control-CLI-AvayaData-2.01.tar.gz,1454842412
1,Encode-MAB2-0.09-TRIAL.tar.gz,1454843713
6534,Rex-1.3.3_02.tar.gz,1454845390
5745,Term-Choose-Util-0.030.tar.gz,1454855904
5745,Term-TablePrint-0.026.tar.gz,1454856299
6601,App-lcpan-0.66.tar.gz,1454856574
6601,Perl-Examples-0.04.tar.gz,1454857154
6482,Dist-Iller-0.1402.tar.gz,1454858836
6482,Dist-Iller-Config-Author-CSSON-0.0302.tar.gz,1454859467
6340,Net-Vimeo-0.000004.tar.gz,1454861223
5675,VK-MP3-0.1.tar.gz,1454867736
336,WWW-Search-Ebay-3.045.tar.gz,1454871229
336,WWW-Search-Ebay-Europe-2.015.tar.gz,1454871327
6482,Dist-Zilla-Plugin-MapMetro-MakeGraphViz-0.1104.tar.gz,1454873238
5675,VK-MP3-0.11.tar.gz,1454875597
5578,WWW-ProxyChecker-1.003.tar.gz,1454882413
6974,Bio-DB-CCDS-0.01.tar.gz,1454882500
4042,Data-Context-0.2.tar.gz,1454882597
5578,WWW-ProxyChecker-1.004.tar.gz,1454882684
5578,WWW-FreeProxyListsCom-1.002.tar.gz,1454883764
6974,Bio-DB-CCDS-0.02.tar.gz,1454884839
78,Lingua-PT-Stemmer-0.02.tar.gz,1454884851
5578,Devel-Examine-Subs-1.65.tar.gz,1454886078
6974,Bio-DB-CCDS-0.03.tar.gz,1454886165
2750,Net-FullAuto-1.0000052.tar.gz,1454886341
5432,Net-OpenID-Common-1.20.tar.gz,1454895436
5432,Net-OpenID-Consumer-1.18.tar.gz,1454895613
5987,Short-Url-0.012.tar.gz,1454900318
2750,Net-FullAuto-1.0000053.tar.gz,1454901407
5756,Sidef-2.22.tar.gz,1454901665
5956,Statocles-0.067.tar.gz,1454905650
254,CBOR-XS-1.4.tar.gz,1454906305
5756,Math-BigNum-0.03.tar.gz,1454908816
384,Image-Magick-CommandParser-1.01.tgz,1454913292
4077,Lingua-EN-PluralToSingular-0.18.tar.gz,1454915802
3525,HTML-SiteTear-1.45.tar.gz,1454923601
5026,Data-Money-0.14.tar.gz,1454924681
1651,XML-RSS-1.58.tar.gz,1454928874
2365,Math-MPFR-3.30.tar.gz,1454929960
6601,App-LinguaSUUtils-0.01.tar.gz,1454942599
6601,Perl-Examples-0.05.tar.gz,1454942918
5905,Tapper-TAP-Harness-5.0.2.tar.gz,1454943240
999,Slurm-Sacctmgr-1.0.0.tar.gz,1454943408
999,Slurm-Sshare-1.0.0.tar.gz,1454943420
3265,Scalar-List-Utils-1.43.tar.gz,1454944127
5686,HackaMol-0.034.tar.gz,1454946263
5905,Tapper-Config-5.0.0.tar.gz,1454948343
5578,WWW-FreeProxyListsCom-1.003.tar.gz,1454948510
1846,Task-BeLike-SCHWIGON-0.006.tar.gz,1454948754
6950,Bio-DB-HTS-1.06.tar.gz,1454949375
4715,DBIx-Handler-0.10.tar.gz,1454953716
6427,Locale-CLDR-Locales-Af-v0.28.3-TRIAL.tar.gz,1454958266
6427,Locale-CLDR-Locales-Agq-v0.28.3-TRIAL.tar.gz,1454958277
6427,Locale-CLDR-Locales-Ak-v0.28.3-TRIAL.tar.gz,1454958364
6427,Locale-CLDR-Locales-Am-v0.28.3-TRIAL.tar.gz,1454958366
6427,Locale-CLDR-Locales-Ar-v0.28.3-TRIAL.tar.gz,1454958378
6427,Locale-CLDR-Locales-As-v0.28.3-TRIAL.tar.gz,1454958389
6427,Locale-CLDR-Locales-Asa-v0.28.3-TRIAL.tar.gz,1454958401
6427,Locale-CLDR-Locales-Ast-v0.28.3-TRIAL.tar.gz,1454958412
6427,Locale-CLDR-Locales-Az-v0.28.3-TRIAL.tar.gz,1454958500
6427,Locale-CLDR-Locales-Bas-v0.28.3-TRIAL.tar.gz,1454958503
6427,Locale-CLDR-Locales-Be-v0.28.3-TRIAL.tar.gz,1454958514
6427,Locale-CLDR-Locales-Bem-v0.28.3-TRIAL.tar.gz,1454958525
6427,Locale-CLDR-Locales-Bez-v0.28.3-TRIAL.tar.gz,1454958537
6427,Locale-CLDR-Locales-Bg-v0.28.3-TRIAL.tar.gz,1454958548
6427,Locale-CLDR-Locales-Bm-v0.28.3-TRIAL.tar.gz,1454958560
6427,Locale-CLDR-Locales-Bn-v0.28.3-TRIAL.tar.gz,1454958571
6427,Locale-CLDR-Locales-Bo-v0.28.3-TRIAL.tar.gz,1454958583
6427,Locale-CLDR-Locales-Br-v0.28.3-TRIAL.tar.gz,1454958671
6427,Locale-CLDR-Locales-Brx-v0.28.3-TRIAL.tar.gz,1454958673
6427,Locale-CLDR-Locales-Bs-v0.28.3-TRIAL.tar.gz,1454958676
6427,Locale-CLDR-Locales-Ca-v0.28.3-TRIAL.tar.gz,1454958677
6427,Locale-CLDR-Locales-Ce-v0.28.3-TRIAL.tar.gz,1454958688
6427,Locale-CLDR-Locales-Cgg-v0.28.3-TRIAL.tar.gz,1454958699
6427,Locale-CLDR-Locales-Chr-v0.28.3-TRIAL.tar.gz,1454958711
6427,Locale-CLDR-Locales-Ckb-v0.28.3-TRIAL.tar.gz,1454958722
6427,Locale-CLDR-Locales-Cs-v0.28.3-TRIAL.tar.gz,1454958734
6427,Locale-CLDR-Locales-Cu-v0.28.3-TRIAL.tar.gz,1454958822
6427,Locale-CLDR-Locales-Cy-v0.28.3-TRIAL.tar.gz,1454958826
6427,Locale-CLDR-Locales-Da-v0.28.3-TRIAL.tar.gz,1454958827
6427,Locale-CLDR-Locales-Dav-v0.28.3-TRIAL.tar.gz,1454958839
6427,Locale-CLDR-Locales-De-v0.28.3-TRIAL.tar.gz,1454958850
6427,Locale-CLDR-Locales-Dje-v0.28.3-TRIAL.tar.gz,1454958862
6427,Locale-CLDR-Locales-Dsb-v0.28.3-TRIAL.tar.gz,1454958873
6427,Locale-CLDR-Locales-Dua-v0.28.3-TRIAL.tar.gz,1454958884
6427,Locale-CLDR-Locales-Dyo-v0.28.3-TRIAL.tar.gz,1454958896
5686,HackaMol-0.035.tar.gz,1454958983
6427,Locale-CLDR-Locales-Dz-v0.28.3-TRIAL.tar.gz,1454958995
6427,Locale-CLDR-Locales-Ebu-v0.28.3-TRIAL.tar.gz,1454959000
6427,Locale-CLDR-Locales-Ee-v0.28.3-TRIAL.tar.gz,1454959001
6427,Locale-CLDR-Locales-El-v0.28.3-TRIAL.tar.gz,1454959012
6427,Locale-CLDR-Locales-En-v0.28.3-TRIAL.tar.gz,1454959023
6427,Locale-CLDR-Locales-Eo-v0.28.3-TRIAL.tar.gz,1454959035
6427,Locale-CLDR-Locales-Es-v0.28.3-TRIAL.tar.gz,1454959046
6427,Locale-CLDR-Locales-Et-v0.28.3-TRIAL.tar.gz,1454959058
6427,Locale-CLDR-Locales-Eu-v0.28.3-TRIAL.tar.gz,1454959146
6427,Locale-CLDR-Locales-Fa-v0.28.3-TRIAL.tar.gz,1454959151
6427,Locale-CLDR-Locales-Ewo-v0.28.3-TRIAL.tar.gz,1454959151
6427,Locale-CLDR-Locales-Ff-v0.28.3-TRIAL.tar.gz,1454959163
6427,Locale-CLDR-Locales-Fi-v0.28.3-TRIAL.tar.gz,1454959174
6427,Locale-CLDR-Locales-Fil-v0.28.3-TRIAL.tar.gz,1454959176
6427,Locale-CLDR-Locales-Fo-v0.28.3-TRIAL.tar.gz,1454959188
6427,Locale-CLDR-Locales-Fr-v0.28.3-TRIAL.tar.gz,1454959199
6427,Locale-CLDR-Locales-Fur-v0.28.3-TRIAL.tar.gz,1454959211
6427,Locale-CLDR-Locales-Fy-v0.28.3-TRIAL.tar.gz,1454959222
6427,Locale-CLDR-Locales-Ga-v0.28.3-TRIAL.tar.gz,1454959234
4235,Pg-Explain-0.73.tar.gz,1454959321
6427,Locale-CLDR-Locales-Gd-v0.28.3-TRIAL.tar.gz,1454959333
6427,Locale-CLDR-Locales-Gl-v0.28.3-TRIAL.tar.gz,1454959337
6427,Locale-CLDR-Locales-Gsw-v0.28.3-TRIAL.tar.gz,1454959339
6427,Locale-CLDR-Locales-Gu-v0.28.3-TRIAL.tar.gz,1454959349
6427,Locale-CLDR-Locales-Guz-v0.28.3-TRIAL.tar.gz,1454959361
6427,Locale-CLDR-Locales-Gv-v0.28.3-TRIAL.tar.gz,1454959372
6427,Locale-CLDR-Locales-Ha-v0.28.3-TRIAL.tar.gz,1454959384
6427,Locale-CLDR-Locales-Haw-v0.28.3-TRIAL.tar.gz,1454959395
6427,Locale-CLDR-Locales-He-v0.28.3-TRIAL.tar.gz,1454959407
6427,Locale-CLDR-Locales-Hi-v0.28.3-TRIAL.tar.gz,1454959418
6427,Locale-CLDR-Locales-Hr-v0.28.3-TRIAL.tar.gz,1454959507
6427,Locale-CLDR-Locales-Hsb-v0.28.3-TRIAL.tar.gz,1454959512
6427,Locale-CLDR-Locales-Hu-v0.28.3-TRIAL.tar.gz,1454959516
6427,Locale-CLDR-Locales-Hy-v0.28.3-TRIAL.tar.gz,1454959520
6427,Locale-CLDR-Locales-Id-v0.28.3-TRIAL.tar.gz,1454959531
6427,Locale-CLDR-Locales-Ig-v0.28.3-TRIAL.tar.gz,1454959543
6427,Locale-CLDR-Locales-Ii-v0.28.3-TRIAL.tar.gz,1454959554
6427,Locale-CLDR-Locales-Is-v0.28.3-TRIAL.tar.gz,1454959566
6427,Locale-CLDR-Locales-It-v0.28.3-TRIAL.tar.gz,1454959577
6427,Locale-CLDR-Locales-Ja-v0.28.3-TRIAL.tar.gz,1454959589
6427,Locale-CLDR-Locales-Jgo-v0.28.3-TRIAL.tar.gz,1454959600
6427,Locale-CLDR-Locales-Jmc-v0.28.3-TRIAL.tar.gz,1454959611
6427,Locale-CLDR-Locales-Ka-v0.28.3-TRIAL.tar.gz,1454959699
6427,Locale-CLDR-Locales-Kab-v0.28.3-TRIAL.tar.gz,1454959704
6427,Locale-CLDR-Locales-Kam-v0.28.3-TRIAL.tar.gz,1454959706
6427,Locale-CLDR-Locales-Kde-v0.28.3-TRIAL.tar.gz,1454959717
6427,Locale-CLDR-Locales-Kea-v0.28.3-TRIAL.tar.gz,1454959728
6427,Locale-CLDR-Locales-Khq-v0.28.3-TRIAL.tar.gz,1454959740
6427,Locale-CLDR-Locales-Ki-v0.28.3-TRIAL.tar.gz,1454959751
6427,Locale-CLDR-Locales-Kk-v0.28.3-TRIAL.tar.gz,1454959763
6427,Locale-CLDR-Locales-Kkj-v0.28.3-TRIAL.tar.gz,1454959774
6427,Locale-CLDR-Locales-Kl-v0.28.3-TRIAL.tar.gz,1454959786
6427,Locale-CLDR-Locales-Kln-v0.28.3-TRIAL.tar.gz,1454959797
6427,Locale-CLDR-Locales-Km-v0.28.3-TRIAL.tar.gz,1454959809
6427,Locale-CLDR-Locales-Kn-v0.28.3-TRIAL.tar.gz,1454959820
6427,Locale-CLDR-Locales-Ko-v0.28.3-TRIAL.tar.gz,1454959832
6427,Locale-CLDR-Locales-Kok-v0.28.3-TRIAL.tar.gz,1454959920
6427,Locale-CLDR-Locales-Ks-v0.28.3-TRIAL.tar.gz,1454959924
6427,Locale-CLDR-Locales-Ksb-v0.28.3-TRIAL.tar.gz,1454959927
6427,Locale-CLDR-Locales-Ksf-v0.28.3-TRIAL.tar.gz,1454959928
6427,Locale-CLDR-Locales-Ksh-v0.28.3-TRIAL.tar.gz,1454959929
6427,Locale-CLDR-Locales-Kw-v0.28.3-TRIAL.tar.gz,1454959941
6427,Locale-CLDR-Locales-Ky-v0.28.3-TRIAL.tar.gz,1454959952
6427,Locale-CLDR-Locales-Lag-v0.28.3-TRIAL.tar.gz,1454959963
6427,Locale-CLDR-Locales-Lb-v0.28.3-TRIAL.tar.gz,1454959975
6427,Locale-CLDR-Locales-Lg-v0.28.3-TRIAL.tar.gz,1454959986
6427,Locale-CLDR-Locales-Lkt-v0.28.3-TRIAL.tar.gz,1454959998
6427,Locale-CLDR-Locales-Ln-v0.28.3-TRIAL.tar.gz,1454960009
6427,Locale-CLDR-Locales-Lo-v0.28.3-TRIAL.tar.gz,1454960020
6427,Locale-CLDR-Locales-Lrc-v0.28.3-TRIAL.tar.gz,1454960032
6427,Locale-CLDR-Locales-Lt-v0.28.3-TRIAL.tar.gz,1454960120
6427,Locale-CLDR-Locales-Lu-v0.28.3-TRIAL.tar.gz,1454960124
6427,Locale-CLDR-Locales-Luo-v0.28.3-TRIAL.tar.gz,1454960127
6427,Locale-CLDR-Locales-Luy-v0.28.3-TRIAL.tar.gz,1454960129
6427,Locale-CLDR-Locales-Lv-v0.28.3-TRIAL.tar.gz,1454960139
6427,Locale-CLDR-Locales-Mas-v0.28.3-TRIAL.tar.gz,1454960151
6427,Locale-CLDR-Locales-Mer-v0.28.3-TRIAL.tar.gz,1454960162
6427,Locale-CLDR-Locales-Mfe-v0.28.3-TRIAL.tar.gz,1454960174
6427,Locale-CLDR-Locales-Mg-v0.28.3-TRIAL.tar.gz,1454960185
6427,Locale-CLDR-Locales-Mgh-v0.28.3-TRIAL.tar.gz,1454960197
6427,Locale-CLDR-Locales-Mgo-v0.28.3-TRIAL.tar.gz,1454960208
6427,Locale-CLDR-Locales-Mk-v0.28.3-TRIAL.tar.gz,1454960219
6427,Locale-CLDR-Locales-Ml-v0.28.3-TRIAL.tar.gz,1454960231
6427,Locale-CLDR-Locales-Mn-v0.28.3-TRIAL.tar.gz,1454960242
6427,Locale-CLDR-Locales-Mr-v0.28.3-TRIAL.tar.gz,1454960254
6427,Locale-CLDR-Locales-Ms-v0.28.3-TRIAL.tar.gz,1454960342
6427,Locale-CLDR-Locales-Mt-v0.28.3-TRIAL.tar.gz,1454960348
6427,Locale-CLDR-Locales-Mua-v0.28.3-TRIAL.tar.gz,1454960350
6427,Locale-CLDR-Locales-My-v0.28.3-TRIAL.tar.gz,1454960351
6427,Locale-CLDR-Locales-Mzn-v0.28.3-TRIAL.tar.gz,1454960362
6427,Locale-CLDR-Locales-Naq-v0.28.3-TRIAL.tar.gz,1454960374
6427,Locale-CLDR-Locales-Nb-v0.28.3-TRIAL.tar.gz,1454960385
6427,Locale-CLDR-Locales-Nd-v0.28.3-TRIAL.tar.gz,1454960397
6427,Locale-CLDR-Locales-Ne-v0.28.3-TRIAL.tar.gz,1454960408
6427,Locale-CLDR-Locales-Nl-v0.28.3-TRIAL.tar.gz,1454960420
6427,Locale-CLDR-Locales-Nmg-v0.28.3-TRIAL.tar.gz,1454960431
6427,Locale-CLDR-Locales-Nn-v0.28.3-TRIAL.tar.gz,1454960442
6427,Locale-CLDR-Locales-Nnh-v0.28.3-TRIAL.tar.gz,1454960454
6427,Locale-CLDR-Locales-Nus-v0.28.3-TRIAL.tar.gz,1454960465
6427,Locale-CLDR-Locales-Nyn-v0.28.3-TRIAL.tar.gz,1454960477
6427,Locale-CLDR-Locales-Om-v0.28.3-TRIAL.tar.gz,1454960488
6427,Locale-CLDR-Locales-Or-v0.28.3-TRIAL.tar.gz,1454960577
6427,Locale-CLDR-Locales-Os-v0.28.3-TRIAL.tar.gz,1454960582
6427,Locale-CLDR-Locales-Pa-v0.28.3-TRIAL.tar.gz,1454960586
6427,Locale-CLDR-Locales-Pl-v0.28.3-TRIAL.tar.gz,1454960587
6427,Locale-CLDR-Locales-Prg-v0.28.3-TRIAL.tar.gz,1454960599
6427,Locale-CLDR-Locales-Ps-v0.28.3-TRIAL.tar.gz,1454960610
6427,Locale-CLDR-Locales-Pt-v0.28.3-TRIAL.tar.gz,1454960621
6427,Locale-CLDR-Locales-Qu-v0.28.3-TRIAL.tar.gz,1454960633
6427,Locale-CLDR-Locales-Rm-v0.28.3-TRIAL.tar.gz,1454960644
6427,Locale-CLDR-Locales-Rn-v0.28.3-TRIAL.tar.gz,1454960656
6427,Locale-CLDR-Locales-Ro-v0.28.3-TRIAL.tar.gz,1454960667
6427,Locale-CLDR-Locales-Rof-v0.28.3-TRIAL.tar.gz,1454960678
6427,Locale-CLDR-Locales-Root-v0.28.3-TRIAL.tar.gz,1454960690
6427,Locale-CLDR-Locales-Ru-v0.28.3-TRIAL.tar.gz,1454960701
6427,Locale-CLDR-Locales-Rw-v0.28.3-TRIAL.tar.gz,1454960713
6427,Locale-CLDR-Locales-Rwk-v0.28.3-TRIAL.tar.gz,1454960801
6427,Locale-CLDR-Locales-Sah-v0.28.3-TRIAL.tar.gz,1454960807
6427,Locale-CLDR-Locales-Saq-v0.28.3-TRIAL.tar.gz,1454960810
6427,Locale-CLDR-Locales-Sbp-v0.28.3-TRIAL.tar.gz,1454960820
6427,Locale-CLDR-Locales-Se-v0.28.3-TRIAL.tar.gz,1454960831
6427,Locale-CLDR-Locales-Seh-v0.28.3-TRIAL.tar.gz,1454960843
6427,Locale-CLDR-Locales-Ses-v0.28.3-TRIAL.tar.gz,1454960854
6427,Locale-CLDR-Locales-Sg-v0.28.3-TRIAL.tar.gz,1454960866
6427,Locale-CLDR-Locales-Shi-v0.28.3-TRIAL.tar.gz,1454960877
6427,Locale-CLDR-Locales-Si-v0.28.3-TRIAL.tar.gz,1454960889
6427,Locale-CLDR-Locales-Sk-v0.28.3-TRIAL.tar.gz,1454960900
6427,Locale-CLDR-Locales-Sl-v0.28.3-TRIAL.tar.gz,1454960912
6427,Locale-CLDR-Locales-Smn-v0.28.3-TRIAL.tar.gz,1454960923
6427,Locale-CLDR-Locales-Sn-v0.28.3-TRIAL.tar.gz,1454960934
6427,Locale-CLDR-Locales-So-v0.28.3-TRIAL.tar.gz,1454960946
6427,Locale-CLDR-Locales-Sq-v0.28.3-TRIAL.tar.gz,1454961035
6427,Locale-CLDR-Locales-Sr-v0.28.3-TRIAL.tar.gz,1454961037
6427,Locale-CLDR-Locales-Sv-v0.28.3-TRIAL.tar.gz,1454961040
6427,Locale-CLDR-Locales-Sw-v0.28.3-TRIAL.tar.gz,1454961042
6427,Locale-CLDR-Locales-Ta-v0.28.3-TRIAL.tar.gz,1454961053
6427,Locale-CLDR-Locales-Te-v0.28.3-TRIAL.tar.gz,1454961064
6427,Locale-CLDR-Locales-Teo-v0.28.3-TRIAL.tar.gz,1454961076
6427,Locale-CLDR-Locales-Th-v0.28.3-TRIAL.tar.gz,1454961087
6427,Locale-CLDR-Locales-Ti-v0.28.3-TRIAL.tar.gz,1454961099
6427,Locale-CLDR-Locales-Tk-v0.28.3-TRIAL.tar.gz,1454961110
6427,Locale-CLDR-Locales-To-v0.28.3-TRIAL.tar.gz,1454961122
6427,Locale-CLDR-Locales-Tr-v0.28.3-TRIAL.tar.gz,1454961133
6427,Locale-CLDR-Locales-Twq-v0.28.3-TRIAL.tar.gz,1454961144
6427,Locale-CLDR-Locales-Tzm-v0.28.3-TRIAL.tar.gz,1454961156
6427,Locale-CLDR-Locales-Ug-v0.28.3-TRIAL.tar.gz,1454961244
6427,Locale-CLDR-Locales-Uk-v0.28.3-TRIAL.tar.gz,1454961247
6427,Locale-CLDR-Locales-Ur-v0.28.3-TRIAL.tar.gz,1454961248
6427,Locale-CLDR-Locales-Uz-v0.28.3-TRIAL.tar.gz,1454961249
6427,Locale-CLDR-Locales-Vai-v0.28.3-TRIAL.tar.gz,1454961250
6427,Locale-CLDR-Locales-Vi-v0.28.3-TRIAL.tar.gz,1454961262
6427,Locale-CLDR-Locales-Vo-v0.28.3-TRIAL.tar.gz,1454961273
6427,Locale-CLDR-Locales-Vun-v0.28.3-TRIAL.tar.gz,1454961285
6427,Locale-CLDR-Locales-Wae-v0.28.3-TRIAL.tar.gz,1454961296
6427,Locale-CLDR-Locales-Xog-v0.28.3-TRIAL.tar.gz,1454961307
6427,Locale-CLDR-Locales-Yav-v0.28.3-TRIAL.tar.gz,1454961319
6427,Locale-CLDR-Locales-Yi-v0.28.3-TRIAL.tar.gz,1454961330
6427,Locale-CLDR-Locales-Yo-v0.28.3-TRIAL.tar.gz,1454961342
6427,Locale-CLDR-Locales-Zgh-v0.28.3-TRIAL.tar.gz,1454961353
6427,Locale-CLDR-Locales-Zh-v0.28.3-TRIAL.tar.gz,1454961442
6427,Locale-CLDR-Locales-Zu-v0.28.3-TRIAL.tar.gz,1454961444
4376,Swagger2-0.71.tar.gz,1454963492
1107,Config-Grammar-1.11.tar.gz,1454963742
6482,Dist-Zilla-Plugin-NextRelease-Grouped-0.0101.tar.gz,1454965120
6482,Dist-Iller-Config-Author-CSSON-0.0303.tar.gz,1454967253
2750,Net-FullAuto-1.0000054.tar.gz,1454968329
1984,RDF-Generator-Void-0.13_01.tar.gz,1454971303
999,Slurm-Sacctmgr-1.0.1.tar.gz,1454971545
4043,Catalyst-ControllerRole-At-0.001.tar.gz,1454975880
1984,AtteanX-Store-SPARQL-0.004.tar.gz,1454976578
6466,SNMP-OID-Translate-0.0005.tar.gz,1454976590
1654,UI-Dialog-1.15.tar.gz,1454976677
6972,SMS-Send-BR-Facilitamovel-0.02.tar.gz,1454979889
5891,MCE-1.699_010.tar.gz,1454980132
4043,Catalyst-ControllerRole-At-0.002.tar.gz,1454980297
1928,Number-Phone-JP-0.20160201.tar.gz,1454984244
5029,Cache-Cascade-0.06.tar.gz,1454984425
384,Image-Magick-CommandParser-1.02.tgz,1454985050
661,Test-BDD-Cucumber-0.41.tar.gz,1454986955
3189,Mail-IMAPClient-3.38.tar.gz,1454987042
6683,Mojo-WebService-Twitter-0.001.tar.gz,1454992763
6683,Mojo-WebService-Twitter-0.002.tar.gz,1454997319
1984,AtteanX-Store-LDF-0.01.tar.gz,1454998095
4376,App-podify-0.01.tar.gz,1455002571
6601,Module-FatPack-0.10.tar.gz,1455003343
6601,Module-DataPack-0.17.tar.gz,1455003430
661,Test-BDD-Cucumber-0.44.tar.gz,1455003906
6029,PONAPI-Client-0.002007.tar.gz,1455008715
5649,Catmandu-1.00_02.tar.gz,1455009566
6457,Acme-Ognon-1990.3.tar.gz,1455015625
430,Marketplace-Ebay-0.19.tar.gz,1455017455
1984,RDF-Generator-Void-0.14.tar.gz,1455021486
5062,Geo-Address-Formatter-1.51.tar.gz,1455023394
4167,Git-Hooks-1.12.2.tar.gz,1455023406
773,stockmonkey-2.9406.tar.gz,1455026682
6358,CGI-OptimalQuery-0.20.tar.gz,1455029358
5649,Dancer-Plugin-Catmandu-SRU-0.0402.tar.gz,1455032114
2357,Music-Voss-0.03.tar.gz,1455033868
5797,PerlGuard-Agent-0.15.tar.gz,1455035849
5905,Tapper-TAP-Harness-5.0.3.tar.gz,1455036937
5026,Map-Tube-Barcelona-0.26.tar.gz,1455038238
5026,Map-Tube-Barcelona-0.27.tar.gz,1455038792
4376,JSON-Validator-0.66.tar.gz,1455039195
6538,WebService-PayPal-PaymentsAdvanced-0.000016.tar.gz,1455039665
2013,Win32-HTA-1.00.tar.gz,1455040326
5679,XSConfig-6.15.tar.gz,1455042152
773,Math-Units-PhysicalValue-1.0008.tar.gz,1455043302
1651,App-XML-DocBook-Builder-0.0404.tar.gz,1455043546
6661,Odoo-Database-Manager-0.03.tar.gz,1455045233
775,YAML-LibYAML-0.60.tar.gz,1455046610
6756,Tie-Scalar-Callback-0.062.tar.gz,1455051038
6971,PMLTQ-1.2.1.tar.gz,1455051659
5075,Nagios-Plugin-CheckHost-0.01.tar.gz,1455053468
531,Business-CreditCard-0.35.tar.gz,1455058142
2048,Mojolicious-6.45.tar.gz,1455060575
3265,Tickit-Widgets-0.22.tar.gz,1455061524
3265,Tickit-0.55.tar.gz,1455061611
3265,circle-fe-term-0.160390.tar.gz,1455062050
6473,Data-Chronicle-0.04.tar.gz,1455072198
384,Image-Magick-CommandParser-1.03.tgz,1455072745
1654,UI-Dialog-1.16.tar.gz,1455073063
6308,Bio-ToolBox-1.35.tar.gz,1455077479
3036,Parallel-Prefork-0.18.tar.gz,1455078499
5029,Dist-Zilla-PluginBundle-Author-ETHER-0.111.tar.gz,1455079953
5029,Dist-Zilla-Plugin-OptionalFeature-0.022.tar.gz,1455080426
5029,Acme-CPANAuthors-Canadian-0.0107.tar.gz,1455080746
6601,WordList-Phrase-FR-Proverb-ProverbesFrancais-0.01.tar.gz,1455096253
2606,Apache-Session-MongoDB-0.14.tar.gz,1455096573
6601,WordList-Phrase-ZH-Proverb-ChineseTools-0.02.tar.gz,1455096894
6601,WordList-Phrase-ZH-Idiom-Wiktionary-0.01.tar.gz,1455098876
6601,WordList-Phrase-ZH-Idiom-Wiktionary-0.02.tar.gz,1455099724
6601,WordList-Phrase-EN-Idiom-Wiktionary-0.01.tar.gz,1455100043
6601,WordList-Phrase-FR-Idiom-Wiktionary-0.01.tar.gz,1455100287
6601,WordList-Phrase-FR-Proverb-Wiktionary-0.01.tar.gz,1455100681
6343,Debug-Easy-1.11.tar.gz,1455100769
6601,WordList-Phrase-ZH-Proverb-Wiktionary-0.01.tar.gz,1455101307
1984,RDF-Generator-Void-0.15_1.tar.gz,1455101394
6601,WordList-Phrase-EN-Proverb-Wiktionary-0.01.tar.gz,1455101716
6601,WordList-Phrase-ZH-Idiom-ChineseTools-0.03.tar.gz,1455101803
6601,WordList-Phrase-JV-Proverb-PeribahasaNet-0.01.tar.gz,1455102266
6601,WordList-Phrase-SU-Proverb-PeribahasaNet-0.01.tar.gz,1455102813
3525,HTML-SiteTear-1.46.tar.gz,1455103359
2013,Win32-HTA-1.01.tar.gz,1455104590
6601,Acme-PERLANCAR-Test-ScriptNameSameAsModuleName-0.01.tar.gz,1455106722
6601,Acme-PERLANCAR-Test-ScriptNameSameAsModuleName-0.02.tar.gz,1455106967
6601,Acme-PERLANCAR-Test-DuplicateScript-0.01.tar.gz,1455107362
5026,Map-Tube-CLI-0.17.tar.gz,1455107833
4842,App-SCM-Digest-0.10.tar.gz,1455111025
5649,Catmandu-1.00_03.tar.gz,1455111727
6601,Bencher-Scenario-RegexpAssemble-0.01.tar.gz,1455114008
6016,Net-Whois-Raw-2.92.tar.gz,1455114403
2606,Apache-Session-MongoDB-0.15.tar.gz,1455115480
6388,Tinkerforge-2.1.8.tar.gz,1455115568
3024,DBD-SQLite-1.50.tar.gz,1455116682
5956,Statocles-0.068.tar.gz,1455117463
5578,WWW-ProxyChecker-1.005.tar.gz,1455118798
5662,App-DuckPAN-0.200.tar.gz,1455119949
2761,Geo-Coordinates-OSGB-2.14.tar.gz,1455127176
1537,Win32API-File-Time-0.007_02.tar.gz,1455128556
5663,Data-Scan-0.001.tar.gz,1455129174
2750,Net-FullAuto-1.0000055.tar.gz,1455132970
6121,Log-Any-Adapter-Daemontools-0.100003.tar.gz,1455133680
5029,MooseX-Storage-0.51-TRIAL.tar.gz,1455134906
5616,DateTimeX-Format-Excel-v0.12.44.tar.gz,1455135073
3380,Crypt-PBKDF2-0.160410.tar.gz,1455136842
6601,App-GoogleSearchPerlIRCLogs-0.01.tar.gz,1455137318
6601,Bencher-Scenario-RegexpAssemble-0.02.tar.gz,1455137712
430,Data-Transpose-0.0022.tar.gz,1455138258
6427,Locale-CLDR-v0.28.3.tar.gz,1455138672
1688,Log-Any-1.038.tar.gz,1455139082
1688,Path-Tiny-0.077-TRIAL.tar.gz,1455139169
5075,Nagios-Plugin-CheckHost-0.02.tar.gz,1455139728
6427,Locale-CLDR-Locales-Af-v0.28.3.tar.gz,1455140961
6427,Locale-CLDR-Locales-Agq-v0.28.3.tar.gz,1455140973
6427,Locale-CLDR-Locales-Ak-v0.28.3.tar.gz,1455141060
6427,Locale-CLDR-Locales-Am-v0.28.3.tar.gz,1455141066
6427,Locale-CLDR-Locales-Ar-v0.28.3.tar.gz,1455141077
6427,Locale-CLDR-Locales-As-v0.28.3.tar.gz,1455141088
6427,Locale-CLDR-Locales-Asa-v0.28.3.tar.gz,1455141100
6427,Locale-CLDR-Locales-Ast-v0.28.3.tar.gz,1455141111
6427,Locale-CLDR-Locales-Az-v0.28.3.tar.gz,1455141199
6427,Locale-CLDR-Locales-Bas-v0.28.3.tar.gz,1455141201
6427,Locale-CLDR-Locales-Be-v0.28.3.tar.gz,1455141206
6427,Locale-CLDR-Locales-Bem-v0.28.3.tar.gz,1455141207
6427,Locale-CLDR-Locales-Bez-v0.28.3.tar.gz,1455141218
6427,Locale-CLDR-Locales-Bg-v0.28.3.tar.gz,1455141230
6427,Locale-CLDR-Locales-Bm-v0.28.3.tar.gz,1455141241
6427,Locale-CLDR-Locales-Bn-v0.28.3.tar.gz,1455141252
6427,Locale-CLDR-Locales-Bo-v0.28.3.tar.gz,1455141340
6427,Locale-CLDR-Locales-Br-v0.28.3.tar.gz,1455141348
6427,Locale-CLDR-Locales-Brx-v0.28.3.tar.gz,1455141349
6427,Locale-CLDR-Locales-Bs-v0.28.3.tar.gz,1455141350
6427,Locale-CLDR-Locales-Ca-v0.28.3.tar.gz,1455141353
6427,Locale-CLDR-Locales-Ce-v0.28.3.tar.gz,1455141364
6427,Locale-CLDR-Locales-Cgg-v0.28.3.tar.gz,1455141376
6427,Locale-CLDR-Locales-Chr-v0.28.3.tar.gz,1455141387
6427,Locale-CLDR-Locales-Ckb-v0.28.3.tar.gz,1455141475
6427,Locale-CLDR-Locales-Cs-v0.28.3.tar.gz,1455141481
6427,Locale-CLDR-Locales-Cu-v0.28.3.tar.gz,1455141483
6427,Locale-CLDR-Locales-Cy-v0.28.3.tar.gz,1455141485
6427,Locale-CLDR-Locales-Da-v0.28.3.tar.gz,1455141487
6427,Locale-CLDR-Locales-Dav-v0.28.3.tar.gz,1455141498
6427,Locale-CLDR-Locales-De-v0.28.3.tar.gz,1455141510
6427,Locale-CLDR-Locales-Dje-v0.28.3.tar.gz,1455141598
6427,Locale-CLDR-Locales-Dsb-v0.28.3.tar.gz,1455141605
6427,Locale-CLDR-Locales-Dua-v0.28.3.tar.gz,1455141608
6427,Locale-CLDR-Locales-Dyo-v0.28.3.tar.gz,1455141612
6427,Locale-CLDR-Locales-Dz-v0.28.3.tar.gz,1455141614
6427,Locale-CLDR-Locales-Ebu-v0.28.3.tar.gz,1455141626
6427,Locale-CLDR-Locales-Ee-v0.28.3.tar.gz,1455141637
6427,Locale-CLDR-Locales-El-v0.28.3.tar.gz,1455141725
6427,Locale-CLDR-Locales-En-v0.28.3.tar.gz,1455141732
6427,Locale-CLDR-Locales-Eo-v0.28.3.tar.gz,1455141734
6427,Locale-CLDR-Locales-Es-v0.28.3.tar.gz,1455141734
6427,Locale-CLDR-Locales-Et-v0.28.3.tar.gz,1455141746
6427,Locale-CLDR-Locales-Eu-v0.28.3.tar.gz,1455141757
6427,Locale-CLDR-Locales-Ewo-v0.28.3.tar.gz,1455141769
6427,Locale-CLDR-Locales-Fa-v0.28.3.tar.gz,1455141780
6427,Locale-CLDR-Locales-Ff-v0.28.3.tar.gz,1455141868
6427,Locale-CLDR-Locales-Fi-v0.28.3.tar.gz,1455141874
6427,Locale-CLDR-Locales-Fil-v0.28.3.tar.gz,1455141875
6427,Locale-CLDR-Locales-Fo-v0.28.3.tar.gz,1455141887
6427,Locale-CLDR-Locales-Fr-v0.28.3.tar.gz,1455141898
6427,Locale-CLDR-Locales-Fur-v0.28.3.tar.gz,1455141910
6427,Locale-CLDR-Locales-Fy-v0.28.3.tar.gz,1455141922
6427,Locale-CLDR-Locales-Ga-v0.28.3.tar.gz,1455141933
6427,Locale-CLDR-Locales-Gd-v0.28.3.tar.gz,1455141980
6427,Locale-CLDR-Locales-Gl-v0.28.3.tar.gz,1455141990
6427,Locale-CLDR-Locales-Gsw-v0.28.3.tar.gz,1455141992
6427,Locale-CLDR-Locales-Gu-v0.28.3.tar.gz,1455141993
6427,Locale-CLDR-Locales-Guz-v0.28.3.tar.gz,1455141999
6427,Locale-CLDR-Locales-Gv-v0.28.3.tar.gz,1455142010
6427,Locale-CLDR-Locales-Ha-v0.28.3.tar.gz,1455142021
6427,Locale-CLDR-Locales-Haw-v0.28.3.tar.gz,1455142033
6427,Locale-CLDR-Locales-He-v0.28.3.tar.gz,1455142120
6427,Locale-CLDR-Locales-Hi-v0.28.3.tar.gz,1455142129
6427,Locale-CLDR-Locales-Hr-v0.28.3.tar.gz,1455142130
6427,Locale-CLDR-Locales-Hsb-v0.28.3.tar.gz,1455142131
6427,Locale-CLDR-Locales-Hu-v0.28.3.tar.gz,1455142143
6427,Locale-CLDR-Locales-Hy-v0.28.3.tar.gz,1455142154
6427,Locale-CLDR-Locales-Id-v0.28.3.tar.gz,1455142165
6427,Locale-CLDR-Locales-Ig-v0.28.3.tar.gz,1455142177
6427,Locale-CLDR-Locales-Ii-v0.28.3.tar.gz,1455142188
6427,Locale-CLDR-Locales-Is-v0.28.3.tar.gz,1455142200
6427,Locale-CLDR-Locales-It-v0.28.3.tar.gz,1455142288
6427,Locale-CLDR-Locales-Ja-v0.28.3.tar.gz,1455142298
6427,Locale-CLDR-Locales-Jgo-v0.28.3.tar.gz,1455142300
6427,Locale-CLDR-Locales-Jmc-v0.28.3.tar.gz,1455142301
6427,Locale-CLDR-Locales-Ka-v0.28.3.tar.gz,1455142311
6427,Locale-CLDR-Locales-Kab-v0.28.3.tar.gz,1455142323
6427,Locale-CLDR-Locales-Kam-v0.28.3.tar.gz,1455142334
6427,Locale-CLDR-Locales-Kde-v0.28.3.tar.gz,1455142345
6427,Locale-CLDR-Locales-Kea-v0.28.3.tar.gz,1455142357
6427,Locale-CLDR-Locales-Khq-v0.28.3.tar.gz,1455142369
6427,Locale-CLDR-Locales-Ki-v0.28.3.tar.gz,1455142381
6427,Locale-CLDR-Locales-Kk-v0.28.3.tar.gz,1455142393
6427,Locale-CLDR-Locales-Kkj-v0.28.3.tar.gz,1455142481
6427,Locale-CLDR-Locales-Kl-v0.28.3.tar.gz,1455142492
6427,Locale-CLDR-Locales-Kln-v0.28.3.tar.gz,1455142496
6427,Locale-CLDR-Locales-Km-v0.28.3.tar.gz,1455142496
6427,Locale-CLDR-Locales-Kn-v0.28.3.tar.gz,1455142507
6427,Locale-CLDR-Locales-Ko-v0.28.3.tar.gz,1455142519
6427,Locale-CLDR-Locales-Kok-v0.28.3.tar.gz,1455142531
6427,Locale-CLDR-Locales-Ks-v0.28.3.tar.gz,1455142542
6427,Locale-CLDR-Locales-Ksb-v0.28.3.tar.gz,1455142554
6427,Locale-CLDR-Locales-Ksf-v0.28.3.tar.gz,1455142566
6427,Locale-CLDR-Locales-Ksh-v0.28.3.tar.gz,1455142577
6427,Locale-CLDR-Locales-Kw-v0.28.3.tar.gz,1455142589
6427,Locale-CLDR-Locales-Ky-v0.28.3.tar.gz,1455142600
6427,Locale-CLDR-Locales-Lag-v0.28.3.tar.gz,1455142612
6427,Locale-CLDR-Locales-Lb-v0.28.3.tar.gz,1455142701
6427,Locale-CLDR-Locales-Lg-v0.28.3.tar.gz,1455142712
6427,Locale-CLDR-Locales-Lkt-v0.28.3.tar.gz,1455142717
6427,Locale-CLDR-Locales-Ln-v0.28.3.tar.gz,1455142718
6427,Locale-CLDR-Locales-Lo-v0.28.3.tar.gz,1455142719
6427,Locale-CLDR-Locales-Lrc-v0.28.3.tar.gz,1455142730
6427,Locale-CLDR-Locales-Lt-v0.28.3.tar.gz,1455142742
6427,Locale-CLDR-Locales-Lu-v0.28.3.tar.gz,1455142753
6427,Locale-CLDR-Locales-Luo-v0.28.3.tar.gz,1455142765
6427,Locale-CLDR-Locales-Luy-v0.28.3.tar.gz,1455142776
6427,Locale-CLDR-Locales-Lv-v0.28.3.tar.gz,1455142788
6427,Locale-CLDR-Locales-Mas-v0.28.3.tar.gz,1455142800
6427,Locale-CLDR-Locales-Mer-v0.28.3.tar.gz,1455142812
6427,Locale-CLDR-Locales-Mfe-v0.28.3.tar.gz,1455142823
6975,Text-CSV-Flatten-0.01.tar.gz,1455142835
6427,Locale-CLDR-Locales-Mg-v0.28.3.tar.gz,1455142924
6427,Locale-CLDR-Locales-Mgh-v0.28.3.tar.gz,1455142936
6427,Locale-CLDR-Locales-Mgo-v0.28.3.tar.gz,1455142943
6427,Locale-CLDR-Locales-Mk-v0.28.3.tar.gz,1455142944
6427,Locale-CLDR-Locales-Ml-v0.28.3.tar.gz,1455142955
6427,Locale-CLDR-Locales-Mn-v0.28.3.tar.gz,1455142967
6427,Locale-CLDR-Locales-Mr-v0.28.3.tar.gz,1455142978
6427,Locale-CLDR-Locales-Ms-v0.28.3.tar.gz,1455142990
6427,Locale-CLDR-Locales-Mt-v0.28.3.tar.gz,1455143001
6427,Locale-CLDR-Locales-Mua-v0.28.3.tar.gz,1455143013
6427,Locale-CLDR-Locales-My-v0.28.3.tar.gz,1455143024
6427,Locale-CLDR-Locales-Mzn-v0.28.3.tar.gz,1455143036
6427,Locale-CLDR-Locales-Naq-v0.28.3.tar.gz,1455143048
6427,Locale-CLDR-Locales-Nb-v0.28.3.tar.gz,1455143060
6427,Locale-CLDR-Locales-Nd-v0.28.3.tar.gz,1455143071
6427,Locale-CLDR-Locales-Ne-v0.28.3.tar.gz,1455143083
6427,Locale-CLDR-Locales-Nl-v0.28.3.tar.gz,1455143101
6427,Locale-CLDR-Locales-Nmg-v0.28.3.tar.gz,1455143115
6427,Locale-CLDR-Locales-Nn-v0.28.3.tar.gz,1455143122
6427,Locale-CLDR-Locales-Nnh-v0.28.3.tar.gz,1455143124
6427,Locale-CLDR-Locales-Nus-v0.28.3.tar.gz,1455143125
6427,Locale-CLDR-Locales-Nyn-v0.28.3.tar.gz,1455143136
6427,Locale-CLDR-Locales-Om-v0.28.3.tar.gz,1455143148
6427,Locale-CLDR-Locales-Or-v0.28.3.tar.gz,1455143160
6427,Locale-CLDR-Locales-Os-v0.28.3.tar.gz,1455143172
6427,Locale-CLDR-Locales-Pa-v0.28.3.tar.gz,1455143183
6427,Locale-CLDR-Locales-Pl-v0.28.3.tar.gz,1455143195
6427,Locale-CLDR-Locales-Prg-v0.28.3.tar.gz,1455143206
6427,Locale-CLDR-Locales-Ps-v0.28.3.tar.gz,1455143218
6427,Locale-CLDR-Locales-Pt-v0.28.3.tar.gz,1455143307
6427,Locale-CLDR-Locales-Qu-v0.28.3.tar.gz,1455143319
6427,Locale-CLDR-Locales-Rm-v0.28.3.tar.gz,1455143322
6427,Locale-CLDR-Locales-Rn-v0.28.3.tar.gz,1455143323
6427,Locale-CLDR-Locales-Ro-v0.28.3.tar.gz,1455143324
6427,Locale-CLDR-Locales-Rof-v0.28.3.tar.gz,1455143325
6427,Locale-CLDR-Locales-Ru-v0.28.3.tar.gz,1455143326
6427,Locale-CLDR-Locales-Rw-v0.28.3.tar.gz,1455143337
6427,Locale-CLDR-Locales-Rwk-v0.28.3.tar.gz,1455143349
6427,Locale-CLDR-Locales-Sah-v0.28.3.tar.gz,1455143361
6427,Locale-CLDR-Locales-Saq-v0.28.3.tar.gz,1455143372
6427,Locale-CLDR-Locales-Sbp-v0.28.3.tar.gz,1455143384
6427,Locale-CLDR-Locales-Se-v0.28.3.tar.gz,1455143395
6427,Locale-CLDR-Locales-Seh-v0.28.3.tar.gz,1455143407
6427,Locale-CLDR-Locales-Ses-v0.28.3.tar.gz,1455143496
6427,Locale-CLDR-Locales-Sg-v0.28.3.tar.gz,1455143507
6427,Locale-CLDR-Locales-Shi-v0.28.3.tar.gz,1455143511
6427,Locale-CLDR-Locales-Si-v0.28.3.tar.gz,1455143512
6427,Locale-CLDR-Locales-Sk-v0.28.3.tar.gz,1455143514
6427,Locale-CLDR-Locales-Sl-v0.28.3.tar.gz,1455143515
6427,Locale-CLDR-Locales-Smn-v0.28.3.tar.gz,1455143516
6427,Locale-CLDR-Locales-Sn-v0.28.3.tar.gz,1455143518
6427,Locale-CLDR-Locales-So-v0.28.3.tar.gz,1455143529
6427,Locale-CLDR-Locales-Sq-v0.28.3.tar.gz,1455143541
6427,Locale-CLDR-Locales-Sr-v0.28.3.tar.gz,1455143552
6427,Locale-CLDR-Locales-Sv-v0.28.3.tar.gz,1455143564
6427,Locale-CLDR-Locales-Sw-v0.28.3.tar.gz,1455143575
6427,Locale-CLDR-Locales-Ta-v0.28.3.tar.gz,1455143587
6427,Locale-CLDR-Locales-Te-v0.28.3.tar.gz,1455143598
6427,Locale-CLDR-Locales-Teo-v0.28.3.tar.gz,1455143689
6427,Locale-CLDR-Locales-Th-v0.28.3.tar.gz,1455143698
6427,Locale-CLDR-Locales-Ti-v0.28.3.tar.gz,1455143702
6427,Locale-CLDR-Locales-Tk-v0.28.3.tar.gz,1455143703
6427,Locale-CLDR-Locales-To-v0.28.3.tar.gz,1455143706
6427,Locale-CLDR-Locales-Tr-v0.28.3.tar.gz,1455143709
6427,Locale-CLDR-Locales-Twq-v0.28.3.tar.gz,1455143712
6427,Locale-CLDR-Locales-Tzm-v0.28.3.tar.gz,1455143724
6427,Locale-CLDR-Locales-Ug-v0.28.3.tar.gz,1455143735
6427,Locale-CLDR-Locales-Uk-v0.28.3.tar.gz,1455143747
6427,Locale-CLDR-Locales-Ur-v0.28.3.tar.gz,1455143758
6427,Locale-CLDR-Locales-Uz-v0.28.3.tar.gz,1455143770
6427,Locale-CLDR-Transformations-v0.28.3.tar.gz,1455143782
6427,Locale-CLDR-Locales-Vai-v0.28.3.tar.gz,1455143870
6427,Locale-CLDR-Locales-Vi-v0.28.3.tar.gz,1455143882
6427,Locale-CLDR-Locales-Vo-v0.28.3.tar.gz,1455143884
6427,Locale-CLDR-Locales-Vun-v0.28.3.tar.gz,1455143885
6427,Locale-CLDR-Locales-Wae-v0.28.3.tar.gz,1455143886
6427,Locale-CLDR-Locales-Xog-v0.28.3.tar.gz,1455143887
6427,Locale-CLDR-Locales-Yav-v0.28.3.tar.gz,1455143898
6427,Locale-CLDR-Locales-Yi-v0.28.3.tar.gz,1455143910
6427,Locale-CLDR-Locales-Yo-v0.28.3.tar.gz,1455143921
6427,Locale-CLDR-Locales-Zgh-v0.28.3.tar.gz,1455143933
6427,Locale-CLDR-Locales-Zh-v0.28.3.tar.gz,1455143945
6427,Locale-CLDR-Locales-Zu-v0.28.3.tar.gz,1455143956
6482,Dist-Iller-0.1403.tar.gz,1455145580
6121,Spreadsheet-ExcelTableReader-0.000001_003.tar.gz,1455147952
2622,Sereal-Splitter-0.830.tar.gz,1455149326
