author_num,author_id
1,ANDK
2,ILYAZ
3,NWINT
4,KJALB
5,TYEMQ
6,WPS
7,AMOSS
8,MICB
9,GBOSS
10,FMC
11,JACKS
12,GBARR
13,SPIDB
14,JKAST
15,NI-S
16,AGUL
17,PMQS
18,GAND
19,OZAWA
20,IANPX
21,YVESP
22,GAAS
23,GSM
24,STANM
25,YLU
26,RAM
27,AKSTE
28,MEWP
29,WINKO
30,TOMZO
31,ERICA
32,ADESC
33,BENLI
34,GSAR
35,GUYDX
36,SBECK
37,TIMB
38,ULPFR
39,ASHER
40,JHI
41,JONO
42,TOMC
43,RIK
44,BJEPS
45,PEASE
46,ALSCH
47,STBEY
48,MGH
49,LDS
50,DMEGG
51,JAMCC
52,UWEH
53,EHOOD
54,PVERD
55,JARW
56,ERYQ
57,LFINI
58,MJD
59,JV
60,SWMCD
61,TOMFA
62,MERGL
63,FSG
64,ANDYD
65,GEHIC
66,MRKAE
67,PRATP
68,CJM
69,LWALL
70,AMW
71,KGB
72,BMIDD
73,MIKEH
74,DMR
75,DOUGM
76,MUIR
77,RVA
78,NEILB
79,SKUNZ
80,LUKKA
81,DAVEROTH
82,RURBAN
83,JMURPHY
84,MHM
85,FRANCOC
86,GARY
87,MSCHILLI
88,PVHP
89,JDALLMAN
90,JDUNCAN
91,JOCASA
92,RBOW
93,GLOVER
94,JOEHIL
95,SDOWD
96,SRIRAM
97,BPOWERS
98,LUSOL
99,EWALKER
100,SHGUN
101,LUTHERH
102,KJOHNSON
103,BOBSIDE
104,JFRIEDL
105,PVANDRY
106,RJRAY
107,BRADAPP
108,SHUTTON
109,JPRAVETZ
110,JMAHAN
111,DMACKS
112,RSE
113,SKIMO
114,RMOSE
115,RHNELSON
116,JJDG
117,PSEIBEL
118,FLEITNER
119,SAMPO
120,JONG
121,DEWEG
122,JNH
123,HPALM
124,JOHNH
125,SHIGIO
126,ALTITUDE
127,FPIVARI
128,GWARD
129,NEMWS
130,CHIPS
131,EGROSS
132,TRIAS
133,KRISHPL
134,MARKIM
135,JOHNL
136,VKHERA
137,HTOUG
138,JAKE
139,PETERGAL
140,JPC
141,EDLIU
142,CHRISCHU
143,CNANDOR
144,SZECK
145,ACALPINI
146,AWIN
147,PRYAN
148,FTASSIN
149,MFUHR
150,HAYASHI
151,MIKEDLR
152,TIMPX
153,MVERB
154,RRA
155,CEVANS
156,MRJC
157,JANPAZ
158,SMPILL
159,DDUMONT
160,SREZIC
161,DBRESH
162,DHUNT
163,JROGERS
164,PHOENIX
165,GRICHTER
166,HVDS
167,JCRISTY
168,FRAMM
169,CARL
170,MORTY
171,TWENRICH
172,WATANABE
173,MARTINB
174,ROSCH
175,SHARI
176,PHENSON
177,MJAEG
178,DSTALDER
179,JHORWITZ
180,KENFOX
181,JPRIT
182,SMCCAM
183,JTOBEY
184,DBEAZLEY
185,JGROENVEL
186,CDYBED
187,DSUGAL
188,ALANCITT
189,GMLEWIS
190,ASHTED
191,CHRWOLF
192,DBONNER
193,JHPB
194,ABURLISON
195,DCONWAY
196,BARTS
197,JASONS
198,COLINK
199,BSUGARS
200,CHRMASTO
201,MPIOTR
202,NJENSEN
203,PLISTER
204,JWIED
205,FLETCH
206,SHERWOOD
207,JGLICK
208,JWIEGLEY
209,MATKIN
210,CXL
211,LMOLNAR
212,KMACLEOD
213,JVENIER
214,JANL
215,GENJISCH
216,NWALSH
217,MSCHWARTZ
218,JCOSTOM
219,BDFOY
220,JOSERODR
221,KTORP
222,ACH
223,CDONLEY
224,MGRABNAR
225,WAYNEDAV
226,MSCHWERN
227,CTDEAN
228,JNOLAN
229,FIMM
230,SFARRELL
231,AUSCHUTZ
232,GBACON
233,SGMIANO
234,BPANNIER
235,AGIERTH
236,CLINTDW
237,MIKESTOK
238,MIKEKING
239,MSOLOMON
240,FJH
241,JHOWELL
242,CHTTRAX
243,MAURICE
244,IKETRIS
245,SPP
246,GTHYNI
247,ANTRO
248,GABOR
249,STLACY
250,JBAKER
251,SCOTTVR
252,CFRETER
253,ABW
254,MLEHMANN
255,WRW
256,SPURKIS
257,BARTLEY
258,GBAUER
259,BRIANSP
260,BHUGHES
261,OTAYLOR
262,MSHOYHER
263,IANC
264,GOSSAMER
265,BASKAR
266,MARKM
267,KENSHAN
268,PAULG
269,MJS
270,ABH
271,GSPIVEY
272,SFINK
273,ALANSZ
274,MERLYN
275,KWILLIAMS
276,MARCLANG
277,SRZ
278,PARKER
279,DCARRIGAN
280,CARLADLER
281,JMM
282,ZENIN
283,ABIGAIL
284,REDEN
285,PTILL
286,DKWILSON
287,NIKIP
288,GDAMORE
289,MDARWIN
290,SBURKE
291,JBODNAR
292,DANIEL
293,NIGELM
294,AJOHNSON
295,SBALA
296,MAHEX
297,JLBEC
298,HIGHTOWE
299,CHGEUER
300,DSB
301,PHILIPA
302,GGONTER
303,MIVKOVIC
304,BZAJAC
305,SMORTON
306,BRIAN
307,JLLEROY
308,GLENNWOOD
309,MARKPRIOR
310,DSOUFLIS
311,BROCSEIB
312,DJBECKETT
313,JSIRACUSA
314,CHAMAS
315,TOMHUGHES
316,LEITE
317,KSTAR
318,TERDOEST
319,AWRIGLEY
320,JTURNER
321,RFOLEY
322,LDACHARY
323,TROCKIJ
324,SKINGTON
325,LUISMUNOZ
326,JGBISHOP
327,YENYA
328,ABARCLAY
329,HMBRAND
330,HAKESTLER
331,CHSTROSS
332,DURIST
333,IGUTHRIE
334,PHOENIXL
335,SVENH
336,MTHURN
337,FDESAR
338,NJLEON
339,PMKANE
340,DOUGL
341,CCWF
342,RBERJON
343,JSWARTZ
344,PMH
345,CHTHORMAN
346,AEPAGE
347,SAM
348,BBIRTH
349,TIMPOTTER
350,MDOWNING
351,MFX
352,JMOORE
353,NPESKETT
354,DONS
355,DCOPPIT
356,KMELTZ
357,SMALYSHEV
358,JNEYSTADT
359,FKOLODNY
360,PETERM
361,JEFFH
362,PSHARPE
363,JZAWODNY
364,JARIAALTO
365,NREICHEN
366,MHAMILTON
367,JBRIGGS
368,WOODY
369,OEVANS
370,AKIRA
371,DJPADZ
372,ASPIDER
373,DTOWN
374,BHOLZMAN
375,EESTABROO
376,RCAPUTO
377,RKOBES
378,CHOLET
379,EISEN
380,MSERGEANT
381,DEP
382,COOPERCL
383,KRBURTON
384,RSAVAGE
385,WMARQ
386,HLHAMILT
387,ROBF
388,JLAPEYRE
389,DCARRAWAY
390,AMEDINA
391,DIONALM
392,UGEN
393,PRATZLAFF
394,LBROCARD
395,RANDYM
396,GDR
397,EVO
398,ENNO
399,RBS
400,JCTEBBAL
401,ANATRA
402,AOCINAR
403,KRAEHE
404,SKOLYCHEV
405,RANT
406,SHAWNPW
407,VALERIE
408,SAIT
409,EBOHLMAN
410,BOESCH
411,PGRIMES
412,CKAISER
413,IKLUFT
414,JRED
415,MPOCOCK
416,TJENNESS
417,TOSTI
418,GOZER
419,CORLISS
420,EDMONSON
421,JENDA
422,SCHINDER
423,VIPUL
424,MADWOLF
425,RVAZ
426,GREGFAST
427,ALEXIOB
428,ANDYDUNC
429,NINJAZ
430,HORNBURG
431,BIRNEY
432,ORTALO
433,PINYAN
434,SPANNRING
435,LINDNER
436,KARLON
437,SUMMER
438,DYACOB
439,GROMMEL
440,JSMITH
441,SHARRIS
442,AZEMGI
443,KAELIN
444,ASANDSTRM
445,MHOSKEN
446,PJCJ
447,TGUMMELS
448,SOENKE
449,JSTENZEL
450,HORROCKS
451,HALPOM
452,FHOLTRY
453,IWOODHEAD
454,HAG
455,MHYOUNG
456,AVIF
457,SAPAPO
458,LIRAZ
459,MAKLER
460,OMKELLOGG
461,RANDY
462,HENRIK
463,JDB
464,BILLH
465,TSPIN
466,GREGOR
467,JONAS
468,AMAR
469,MGAMMON
470,AYRNIEU
471,MSCROGGIN
472,KIMRYAN
473,SAMTREGAR
474,OLIBOU
475,WSNYDER
476,PSANTORO
477,DPARIS
478,DLOWE
479,SNOWHARE
480,DBRIAN
481,PANDICH
482,KENMACF
483,SHARYANTO
484,JGAMBLE
485,FTOBIN
486,RGIERSIG
487,SSNODGRA
488,KNOK
489,ASPA
490,JMV
491,RA
492,UGANSERT
493,SCR
494,AJACKSON
495,JOSH
496,ARVIEGAS
497,SWILLIAM
498,ILIAL
499,STEVE
500,JDPORTER
501,BRIANNG
502,SANFACE
503,MDEWJONES
504,DANKOGAI
505,GHUTCHIS
506,JFURNESS
507,DIMRUB
508,ADDI
509,SABREN
510,JRENNIE
511,RRWO
512,EDPRATOMO
513,RLBJR
514,JASONK
515,JJOAO
516,DHUDES
517,DKOCH
518,JSLAGEL
519,MACGYVER
520,RSPIER
521,JPETERSON
522,ANDREWF
523,MATTBM
524,AKARGER
525,FRANKIE
526,JIMT
527,ARYEH
528,SVINTO
529,RFLENS
530,BRTEAM
531,IVAN
532,JOSTEN
533,IX
534,BRG
535,NWRIGHT
536,PMAGNUS
537,BENL
538,JURL
539,LEIFHED
540,FISCH
541,BSTURNER
542,JESSICAQ
543,FIXLER
544,TGROSE
545,SHULL
546,MENGEL
547,SKUD
548,MSISK
549,WORENKD
550,ACHOUNG
551,SBONDS
552,BINKLEY
553,RANA
554,DROLSKY
555,FRAJULAC
556,BRUCEK
557,TEVERETT
558,SOMMAR
559,ARIF
560,CHIPT
561,GWELCH
562,DMOW
563,SWARTIK
564,MROGASKI
565,BLCKSMTH
566,PMOORE
567,STAS
568,JPEACOCK
569,MIROD
570,ESUMMERS
571,DJKERNEN
572,MATTMK
573,RCALEY
574,JWOODYATT
575,ZTURK
576,TAIY
577,ALLENS
578,XFIRE
579,MARAL
580,SETHJ
581,CARPENTER
582,FARBER
583,CHANG-LIU
584,CHOGAN
585,DMUSGR
586,GMCCAR
587,JLATHAN
588,NOG
589,MHARNISCH
590,LAXEN
591,MVORL
592,RMITZ
593,GUELICH
594,OKAMOTO
595,JPAF
596,DBMAKER
597,HAGANK
598,GHALSE
599,ASPIERS
600,SCHOEN
601,HJHELGE
602,WPMOORE
603,ERNGUI
604,SMIRNIOS
605,CPHIL
606,SMARTWORK
607,MAXM
608,GRANTM
609,JAIV
610,CDAWSON
611,STIGMATA
612,LEAKIN
613,GKE
614,AZUL
615,BKUHN
616,DOUGW
617,FOOCHRE
618,TBONE
619,BLABES
620,SCHAFFTER
621,LORY
622,BRIANL
623,PFRANCEUS
624,HMNIELSEN
625,FABRVEC
626,EBUSBOOM
627,JHKIM
628,JONJAY
629,SVANZOEST
630,LENZO
631,MERLIN
632,KBROWN
633,ROLAND
634,GSLONDON
635,SPIDERBOY
636,DHARRIS
637,REATMON
638,XWOLF
639,KNIGHT
640,JMCNAMARA
641,SEYN
642,CALLAHAN
643,JAMES
644,TOBIX
645,NISHANT
646,SIMON
647,PEDERST
648,MDIMEO
649,DESIMINER
650,JSMYSER
651,ALLEN
652,DCLINTON
653,RPIKKARA
654,WADG
655,PHOTO
656,MARKOV
657,CLEMBURG
658,STEPHEN
659,DWINTERS
660,DLANE
661,SARGIE
662,BELCHAM
663,LUPE
664,URI
665,PLONKA
666,DJASMINE
667,MULL
668,STEVEGT
669,IROBERTS
670,DROBERTS
671,JQUILLAN
672,TIMMY
673,TURNERA
674,MBLAZ
675,MADLINUX
676,SIMONW
677,INFOFLEX
678,LHOWARD
679,GEOFF
680,LHS
681,RICHARDC
682,UMEMOTO
683,MLFISHER
684,NEDKONZ
685,FLUFFY
686,PHILIPM
687,DANB
688,SUMUS
689,MSCHLUE
690,PJF
691,MAGNUS
692,MSCHOUT
693,JPIERCE
694,JZUCKER
695,NWIGER
696,IBMTORDB2
697,JTILLMAN
698,AVATAR
699,TAYERS
700,DIVERDI
701,JMAC
702,ARENSB
703,JHARDING
704,TODD
705,SIMRAN
706,PFEIFFER
707,DRUOSO
708,RHANSON
709,DAVECROSS
710,SCHOP
711,VIZDOM
712,OLPA
713,CFUHRMAN
714,MIKEK
715,RICHARDJ
716,FONKIE
717,SYP
718,METZZO
719,RDF
720,CYK
721,AJFRY
722,MAREKR
723,FIVE
724,ROOTLEVEL
725,CKONG
726,UNCLE
727,HCAMP
728,MKUL
729,KGREENE
730,CROMIS
731,PCOLLINS
732,JESUS
733,JEDWARDS
734,BDLILLEY
735,TJMATHER
736,DSLEWART
737,AWOOD
738,BRONG
739,AQUMSIEH
740,FPREICH
741,DJERIUS
742,AREIBENS
743,KROW
744,JNK
745,AJPEACOCK
746,SIFUKURT
747,ILYAM
748,JERLBAUM
749,DAVEM
750,DLUX
751,CYING
752,JOSHUA
753,RWAHBY
754,LTHEGLER
755,MSPENCER
756,MJHARR
757,CRAMIREZ
758,GED
759,JBRYAN
760,DUNCAND
761,SSCANLON
762,MAKAROW
763,RKITOVER
764,MILES
765,PJONES
766,AQUTIV
767,MFOWLER
768,AMALTSEV
769,SDAGUE
770,BPAULSEN
771,RKHILL
772,IVOZ
773,JETTERO
774,DELTA
775,INGY
776,LUPUS
777,DNORTH
778,BTROTT
779,IGREC
780,PFAUT
781,CTWETEN
782,WKEENAN
783,JHELBERG
784,PGUEN
785,JESSE
786,CXREG
787,MIKEM
788,ANDREIN
789,ZELT
790,PETER
791,RHOOPER
792,SROHIT
793,DLECONTE
794,CHARDIN
795,CPJL
796,CJOHNSTON
797,RWMJ
798,PBWOLF
799,AMICHAUER
800,CLMS
801,PAVELH
802,CERNEY
803,DAOT
804,CNATION
805,CHRISJ
806,CGILMORE
807,MKHRAPOV
808,ADIRAJ
809,MWARD
810,OYAMA
811,CNLAVY
812,WIMV
813,YEWEI
814,KULCHENKO
815,MCASHNER
816,RKIES
817,EZDB
818,VOISCHEV
819,HENKE
820,ILYAVERL
821,DJBERG
822,HANK
823,TERRY
824,BOUBAKER
825,RCLAMP
826,FGLOCK
827,KWITKNR
828,PDCAWLEY
829,MSROTH
830,TURNERJW
831,PTULLY
832,RJENKS
833,GUIDO
834,MURRAY
835,EDAVIS
836,DAVIDH
837,ALIAN
838,CWINTERS
839,RCS
840,IFROL
841,DIDO
842,JAMESPO
843,MCKAY
844,ASPINELLI
845,FOOF
846,FSORIANO
847,LGODDARD
848,THOGEE
849,ADEO
850,MWS
851,MMACHADO
852,KENNEDYH
853,KVAIL
854,RVSUTHERL
855,MARCEL
856,MSTEVENS
857,MIYAGAWA
858,BMAVT
859,TLINDEN
860,DARNOLD
861,BBACKER
862,ASTILLER
863,MKENNEDY
864,SPRAGST
865,FKUO
866,HFB
867,HOLT
868,JMUHLICH
869,JSTOWE
870,CCZ
871,MZSANFORD
872,JURACH
873,MIKEO
874,CHROMATIC
875,MALVARO
876,KHAMPTON
877,BEPPU
878,JOAOP
879,RIGBYC
880,FLIPKIN
881,DLEIGH
882,DSHULTZ
883,DOPACKI
884,IGERLACH
885,TELS
886,LDOMKE
887,BOBG
888,KINZLER
889,JGOFF
890,ELIJAH
891,APPEL
892,CRAFFI
893,NEILW
894,AREGGIORI
895,JIMW
896,BRUJAH
897,HEIKOWU
898,MAIRE
899,ZLIPTON
900,MARTIN
901,KBARBER
902,BWILLIAM
903,VADIM
904,ISTERIN
905,AJGOUGH
906,BEHROOZI
907,JHINKLE
908,DKUBB
909,CLANE
910,AUTRIJUS
911,MARTINTO
912,MRMIKE
913,RANDERSON
914,MANU
915,KIMURA
916,KOZO
917,AFOXSON
918,BHILTON
919,ADAMK
920,SMEE
921,COOK
922,FERGUSOR
923,MUKUND
924,CUTTER
925,NWCLARK
926,CSPENCER
927,TWEGNER
928,GRAHAMC
929,VPLA
930,DCANTRELL
931,MIRK
932,GGOEBEL
933,RANI
934,RGEOFFREY
935,MIKO
936,OWEN
937,JFITZ
938,ILTZU
939,TBRAUN
940,HRAFNKELL
941,SHLOMOY
942,SUTCH
943,XOMINA
944,AMS
945,GORD
946,RKS
947,DRRHO
948,JANW
949,ZENSPIDER
950,RHANDOM
951,MEWILCOX
952,HASANT
953,DIVEC
954,LOGVINON
955,DSPARLING
956,ANDYB
957,BARBEE
958,SIMONFLK
959,KASEI
960,KRUSCOE
961,SALVA
962,BBRYANT
963,COLINM
964,SAMSK
965,GBAILEY
966,RRS
967,SERGEY
968,JMASON
969,MTIRAMANI
970,PATL
971,WNODOM
972,ALFO
973,ABEROHAM
974,ISTEEL
975,BOZZIO
976,PJORDAN
977,DJHD
978,MILSO
979,JERI
980,JOHNSCA
981,CVONROES
982,JEROENES
983,DNEIL
984,BRAAM
985,ANDREWHO
986,KBAUCOM
987,DREWF
988,TILLY
989,STARKY
990,AALLAN
991,DAVEO
992,MSOUTH
993,EJDRS
994,SRL
995,RPOLZER
996,GABY
997,REICHERT
998,JEFFA
999,PAYERLE
1000,IAMCAL
1001,THAMUS
1002,UARUN
1003,PETDANCE
1004,RVAIDH
1005,RANN
1006,KARASIK
1007,JSHEARER
1008,JNAGRA
1009,JCARTER
1010,AJWOOD
1011,BBB
1012,TLOWERY
1013,IAWELCH
1014,GARROW
1015,JFORGET
1016,BBEAUSEJ
1017,JLHOLT
1018,JKRASNOO
1019,SADAHIRO
1020,JOHANVDB
1021,EARL
1022,TRIPIE
1023,THOMAS
1024,MUENALAN
1025,ANTHONY
1026,TMTM
1027,OPITZ
1028,JOCHEN
1029,MARKSTOS
1030,DIEDERICH
1031,RSOLIV
1032,DAIBA
1033,EARNESON
1034,BOWMANBS
1035,ZOOVY
1036,MONO
1037,ABERGMAN
1038,AFERBER
1039,PTIMOF
1040,MNEYLON
1041,TWIBBLER
1042,ANWILL
1043,APILOS
1044,GWYN
1045,VPARSEVAL
1046,NWETTERS
1047,DOMM
1048,SSKLAR
1049,RKILGORE
1050,HDIAS
1051,GENIE
1052,MALTEU
1053,PHILCROW
1054,MRSAM
1055,GAFFER
1056,AARONJJ
1057,ISAACSON
1058,SOKOLOV
1059,DDRIBIN
1060,GRISKEY
1061,LIBERTY
1062,FORTY
1063,SEYHAN
1064,ROBIN
1065,SHERZODR
1066,KOLIBRIE
1067,LETO
1068,SWORDSMAN
1069,KERMAGO
1070,JMORRIS
1071,DMLLOYD
1072,PETERMCD
1073,CSOE
1074,TMONROE
1075,PHISH
1076,KIRILL
1077,CLAESJAC
1078,PETEF
1079,PKUBANEK
1080,RGRAFF
1081,IKEBE
1082,CAVANAUGH
1083,ATRAK
1084,AMBS
1085,BJOERN
1086,DJBURKE
1087,BRENTDAX
1088,IWADE
1089,MATTHEWG
1090,CWEST
1091,ALLENDAY
1092,BJORNARDO
1093,RHASE
1094,SCOTTW
1095,JOEPHAYES
1096,MOHACSI
1097,PSCHNELL
1098,MCVELLA
1099,KOBAYASI
1100,SNEMAROV
1101,KANE
1102,SHAY
1103,PCIMPRICH
1104,DODGER
1105,PATRICK
1106,DAPATRICK
1107,DSCHWEI
1108,MIDI
1109,DREDD
1110,SEANQ
1111,REUVEN
1112,JOESUF
1113,EBOSRUP
1114,DAVIDNICO
1115,TINITA
1116,BRIAC
1117,ILYAS
1118,PRIMEBASE
1119,MBARBON
1120,ASTUBBS
1121,CLKAO
1122,FVULTO
1123,MRAMBERG
1124,NAKISA
1125,MNAGUIB
1126,SHIBLON
1127,JJHORNER
1128,SUAVEANT
1129,NILSONSFJ
1130,STOUGARD
1131,AMACKEY
1132,BDULFER
1133,JHUGHES
1134,SANDERSON
1135,JREY
1136,HOLSTEN
1137,MIKAGE
1138,DARREN
1139,THPFFT
1140,SKROVAN
1141,ASAVIGE
1142,PNE
1143,MGILFIX
1144,PIERS
1145,SRPATT
1146,BQUINN
1147,BJKUIT
1148,QMACRO
1149,HAKANARDO
1150,ZIYA
1151,RONAN
1152,SCHUMACK
1153,TONYC
1154,LEGART
1155,CHRIS
1156,SAMV
1157,RBDAVISON
1158,KNAGANO
1159,TPABA
1160,RGARCIA
1161,RADEJONG
1162,TSTANLEY
1163,BARNINGER
1164,RAZINF
1165,NEELY
1166,RSD
1167,LUKE
1168,JEZRA
1169,KRISTI
1170,KAHIRSCH
1171,KDOULEPOV
1172,ROBWALKER
1173,AVP
1174,VELTZER
1175,CREIN
1176,AGOLOMSH
1177,CADE
1178,WROSS
1179,CHARTGRP
1180,BEATNIK
1181,TRUSTCOM
1182,JLISHEV
1183,RSQUIERS
1184,MOTT
1185,MARKBUSH
1186,CAIDAPERL
1187,JFLOURNOY
1188,MOOCOW
1189,JPDURRIOS
1190,ALEXP
1191,STRYTOAST
1192,FABPOT
1193,LARSGT
1194,TEODOR
1195,DREADY
1196,CMANLEY
1197,AADLER
1198,VOICET
1199,MAJCHER
1200,MYNEID
1201,BARRACODE
1202,RDB
1203,JMAY
1204,MPREWITT
1205,GRUBER
1206,JFREEMAN
1207,JBLAKEY
1208,NACHBAUR
1209,YSAS
1210,JWALT
1211,DFROZ
1212,OVID
1213,MGRAHAM
1214,PERRAD
1215,TONKIN
1216,TAREKA
1217,WARD
1218,KUNGFUFTR
1219,GIULIENK
1220,SRUSHE
1221,SZABGAB
1222,JOHNC
1223,JEEK
1224,KAHN
1225,NETSRAK
1226,TMAEK
1227,PKENT
1228,PDENIS
1229,CWHITE
1230,FVANDUN
1231,PETERW
1232,PJB
1233,IDORU
1234,MSLAGLE
1235,JOEY
1236,DGOLD
1237,KSTEPHENS
1238,PENGAS
1239,TLBDK
1240,KHOERLING
1241,SPOON
1242,RFLORENCE
1243,DWHEELER
1244,PING
1245,JEFFMOCK
1246,ARDAN
1247,XAOINC
1248,ZAKZ
1249,MMAKAAY
1250,BITS
1251,MAUNDER
1252,JWALGENB
1253,LALA
1254,CHATEAU
1255,ISAAC
1256,MEYERCJM
1257,EBRUNI
1258,FERRANCE
1259,NUANCE
1260,OTAKA
1261,NICKH
1262,MCNEWTON
1263,ROMM
1264,GWILLIAMS
1265,SLMATH
1266,JUERD
1267,SQUIRREL
1268,RFAUST
1269,ELIZABETH
1270,SMALHOTRA
1271,PSTEWART
1272,WILSONPM
1273,ALIZTA
1274,MCMAHON
1275,MCHANG
1276,SMERTEN
1277,ADAMSON
1278,NEVES
1279,SNEEX
1280,SJSZ
1281,JAYJ
1282,TCHINCHOW
1283,GMAX
1284,ANDERS
1285,JRYAN
1286,MIKEWONG
1287,JHIVER
1288,PAUL
1289,SPIRITSKY
1290,WAC
1291,CGERNHAR
1292,TASMIN
1293,JQUELIN
1294,MAXSCHUBE
1295,HSMYERS
1296,BGUARRACI
1297,DAPI
1298,RHENSSEL
1299,KRZAK
1300,SHAYH
1301,DPAVLIN
1302,WHYTEWOLF
1303,THEDEVIL
1304,BSHENRY
1305,STATHY
1306,BOOK
1307,CMEYER
1308,CWRL
1309,JOSHR
1310,UNIXTOWN
1311,JRLITTELL
1312,RUBYKAT
1313,CECALA
1314,JONASO
1315,VSEGO
1316,MSTRAT
1317,ACHEN
1318,PODMASTER
1319,BOBMATH
1320,BOBO
1321,SABECK
1322,DOCG
1323,CBROOKS
1324,LEMBARK
1325,FLORIAN
1326,ESM
1327,SONDBERG
1328,CHURCH
1329,NATTIS
1330,PAJAS
1331,SOLIVER
1332,RHETTBULL
1333,AORR
1334,ROODE
1335,GSCHLOSS
1336,TKISHEL
1337,ALDICKEY
1338,COSIMO
1339,GGARAND
1340,ASHLEY
1341,INTERGURU
1342,PBAKER
1343,ROBAU
1344,JEFF
1345,MARKF
1346,PDWARREN
1347,DKS
1348,UDASSIN
1349,OARCHER
1350,NOHA
1351,TBOLIOLI
1352,MARTINDT
1353,BJR
1354,ESSENZ
1355,OESTERHOL
1356,ASCOPE
1357,WIHAA
1358,CAILLTE
1359,HBIERSMA
1360,DGOEHRIG
1361,DRIEUX
1362,MOCK
1363,MSOUTHERN
1364,RADCLIFF
1365,MALAY
1366,SCOP
1367,STHOMAS
1368,BLUELINES
1369,JMBO
1370,DANPEDER
1371,KPETERS
1372,RATL
1373,HATA
1374,SCOTTS
1375,ADIE
1376,MUNCHIE
1377,XAVIER
1378,PEREINAR
1379,TDL
1380,GBROWN
1381,SHARRISON
1382,HEUEL
1383,NOBULL
1384,CSELLEG
1385,KWINDLA
1386,RBROOM
1387,DORNER
1388,CRITTER
1389,PRL
1390,CYBAEA
1391,SCHALLEE
1392,RJOOP
1393,FMACHABEE
1394,MHASCH
1395,HOBBIT
1396,BORISZ
1397,CORION
1398,IPPO
1399,WCATLAN
1400,DUTCHMAN
1401,DERHAAG
1402,LBAXTER
1403,MMBK
1404,SJBAKER
1405,MSICKEL
1406,ALKNAFF
1407,SDRABBLE
1408,BDUGGAN
1409,WAYNEM
1410,OKLETSGO
1411,SCOTT
1412,PBARLOW
1413,ASKSH
1414,YVES
1415,HROGERS
1416,WHOELSE
1417,SEANO
1418,ATRICKETT
1419,MARAIST
1420,CTHOM
1421,BCROWELL
1422,ROMERUN
1423,HERVEUS
1424,PLIAM
1425,TCAINE
1426,MCHING
1427,VLADB
1428,DARIN
1429,ILYALIT
1430,CCLARK
1431,KERW
1432,MELVIN
1433,COGENT
1434,SCHWENKE
1435,CAFFIEND
1436,KARDEL
1437,DREE
1438,JBNIVOIT
1439,MOUNS
1440,MATISSE
1441,UMVUE
1442,YOHAMED
1443,SLAVA
1444,KORTY
1445,DCRAWFORD
1446,PARTICLE
1447,AKHOBOV
1448,SAFRONOV
1449,OCTO
1450,MISCHKE
1451,TSIRKIN
1452,JSM
1453,KEVINRICE
1454,BYRNE
1455,JIK
1456,OLAF
1457,FRETT
1458,KESINGER
1459,GISEBURT
1460,ZOZO
1461,GBROCK
1462,BIGJ
1463,RONALDWS
1464,DEUSX
1465,PMC
1466,JKEENAN
1467,DHAGEMAN
1468,GARDNER
1469,SWALTERS
1470,MARCOS
1471,ANGUSLEES
1472,RADOS
1473,BAUERM
1474,AASSAD
1475,SWHITAKER
1476,TECH
1477,JLAWRENC
1478,RELIANCE
1479,SMUELLER
1480,CRENZ
1481,RLZWART
1482,PRANTL
1483,TEUN
1484,PFLEURY
1485,ULLAPRA
1486,JMVILOMET
1487,RVASICEK
1488,GUS
1489,CBARKEY
1490,HARASTY
1491,SIMONP
1492,RIIKI
1493,DONSHANK
1494,BROQ
1495,ENGIN
1496,SEGV
1497,SJQUINNEY
1498,DBEN
1499,NATE
1500,MIDH
1501,PEIRY
1502,ERICH
1503,HPYHACKER
1504,KARTHIKK
1505,RSCHUPP
1506,PMAK
1507,LPALMER
1508,LENNERTO
1509,MIKER
1510,JANNINO
1511,KPOL
1512,SUNGO
1513,YKOSTYLEV
1514,DDICK
1515,SIMES
1516,FIREDRAKE
1517,ERIKRAY
1518,BKING
1519,RPQS
1520,ASIMJALIS
1521,SMANROSS
1522,ITRIVIZKI
1523,HITHERTO
1524,SEGAN
1525,ENRYS
1526,VASEK
1527,LOMBARDO
1528,SUNTONG
1529,JPOWERS
1530,JOUKE
1531,MHX
1532,BARABAS
1533,KILINRAX
1534,LLAP
1535,VARUNK
1536,VBAR
1537,WYANT
1538,JALDHAR
1539,LZAP
1540,DOMIZIO
1541,DEGE
1542,RSYMES
1543,NCLEATON
1544,KGJERDE
1545,SSCHECK
1546,PRILUSKYJ
1547,SLANNING
1548,ECALDER
1549,SHEVEK
1550,CTBROWN
1551,KASPER
1552,KOHA
1553,ABELTJE
1554,CLIFFORDJ
1555,WILL
1556,HMERSCH
1557,OLIMAUL
1558,XPIX
1559,JPVIDAL
1560,JLABOVITZ
1561,JMERELO
1562,CPWILLMOT
1563,ERWAN
1564,VIDUL
1565,DVDPOL
1566,DOKSNER
1567,ZOCCAV
1568,PARDUS
1569,LAWGON
1570,JHAGG
1571,GILAD
1572,KGOESS
1573,KLIMKIN
1574,TSCANLAN
1575,SPADKINS
1576,ARCOLF
1577,RSZEMETI
1578,DPOKORNY
1579,DESPAIR
1580,SINISTER
1581,BILL
1582,KURIHARA
1583,RYOCHIN
1584,ZOOLEIKA
1585,AHICOX
1586,SERG
1587,MGREAM
1588,PUCKERING
1589,LENDL
1590,ZUMMO
1591,PAULLAM
1592,ERIC
1593,HDANIEL
1594,FORREST
1595,KAKE
1596,GEOTIGER
1597,RCREAGER
1598,MRPALMER
1599,JCLYMAN
1600,ZBYS
1601,FIDUS
1602,DADAMK
1603,CBERNING
1604,JLMOREL
1605,LOURIDAS
1606,ZMAN
1607,WITTEN
1608,TQISJIM
1609,GMPASSOS
1610,WVDB
1611,JEPRICE
1612,ZIEFLE
1613,CLOTHO
1614,DAVE
1615,BSMITH
1616,YALE
1617,OSFAMERON
1618,SOMIAN
1619,PDEEGAN
1620,GSAINIO
1621,MARKPF
1622,DRTECH
1623,XERN
1624,RUDENKO
1625,REGGERS
1626,ANARION
1627,AMURREN
1628,SHRS
1629,JMFREEMAN
1630,FANY
1631,NBYRD
1632,ANNO
1633,TAG
1634,FWOJCIK
1635,SEMANTICO
1636,JMACFARLA
1637,PODGURSV
1638,CMUNGALL
1639,TANIMOTO
1640,HOLLIFM
1641,PURDY
1642,SHANCOCK
1643,VLADO
1644,DUNNIGANJ
1645,VSANCHEZ
1646,TCOX
1647,ISABELLE
1648,WANG
1649,JSCHNEID
1650,LUNATIC
1651,SHLOMIF
1652,MHOOLEHAN
1653,TOMMY
1654,KCK
1655,OUBIWANN
1656,CRAKRJACK
1657,THOMSON
1658,EDD
1659,EMRYS
1660,KSPENCER
1661,DLUGOSZ
1662,YUMPY
1663,ROBBE
1664,ABLUM
1665,GARTHD
1666,GALGIER
1667,CWELCH
1668,ASTAINES
1669,MAXB
1670,DBP
1671,PSTADT
1672,JLAPOUTRE
1673,DENNISON
1674,BATKINS
1675,GKAPUR
1676,UNISOLVE
1677,HEMA
1678,KPATTON
1679,PHINYX
1680,IVORW
1681,NATHANAEL
1682,BOEWE
1683,SMCNABB
1684,HORSHACK
1685,BRICAS
1686,XCALBET
1687,PERNST
1688,DAGOLDEN
1689,STURM
1690,STODGHIL
1691,GRAVALO
1692,ROTH
1693,MDUPONT
1694,DSTUART
1695,AMOLLOY
1696,JDLEE
1697,MLUKER
1698,ILJATABAC
1699,BMAMES
1700,RUITTENB
1701,GDSL
1702,BOXZOU
1703,BSCHMAU
1704,KAYSB
1705,LMASARA
1706,JRAFTERY
1707,MORNI
1708,AVAJADI
1709,CGANESAN
1710,QJZHOU
1711,WHOM
1712,DCLEE
1713,GSEAMAN
1714,DJK
1715,GENE
1716,WOLF
1717,GAVINC
1718,GUNNAR
1719,PROFERO
1720,JGS
1721,MITEL
1722,SPROCTOR
1723,TEDK
1724,YUNFANG
1725,AWENDT
1726,TEEJAY
1727,MAGH
1728,MARTIJN
1729,FDALY
1730,DEEMON
1731,DCASTRO
1732,THOM
1733,BARRYP
1734,KMCGRAIL
1735,XMATH
1736,HSLEE
1737,BSCHMITZ
1738,BLUEFEET
1739,CDOLAN
1740,BPGN
1741,KELLAN
1742,HODEL
1743,MAKOTO
1744,CBARRATT
1745,TMAC
1746,ROSULEK
1747,NINJA
1748,TOMI
1749,RICKM
1750,JSPICAK
1751,BURAK
1752,KCLARK
1753,TAKEFUMI
1754,PIJLL
1755,HAWKINSM
1756,DSTAHLKE
1757,TOMSON
1758,HANSPOO
1759,AELFAKIH
1760,FEDOROV
1761,JOANMG
1762,CINE
1763,DOWENS
1764,CHOCOLATE
1765,CTRONDLP
1766,BIKER
1767,ARICH
1768,SHERLOCK
1769,HACHI
1770,LEMP
1771,BDARRAH
1772,EFANCHE
1773,SUNCPAN
1774,SWAMPFOX
1775,FXN
1776,KLORTHO
1777,JOSEWEEKS
1778,RMCKAY
1779,PGOLLUCCI
1780,MPRESSLY
1781,LUNARTEAR
1782,TMURRAY
1783,SNKWATT
1784,TIMA
1785,AARONSCA
1786,JJORE
1787,HALLEY
1788,DMCBRIDE
1789,MANOWAR
1790,PSMIRNOV
1791,NSHARROCK
1792,DDOKTER
1793,ADDW
1794,MARCUS
1795,CORRIS
1796,NFMNUNES
1797,GRISHACE
1798,MBASOV
1799,ASARIH
1800,WEAV
1801,RSOD
1802,NIKC
1803,EZRAKILTY
1804,AHCHORN
1805,DUFFEE
1806,PMAREK
1807,PSYON
1808,JGORMAN
1809,SID
1810,EIM
1811,MAFR
1812,JHOBLITT
1813,CKERNER
1814,TWID
1815,BROOM
1816,JCHIN
1817,NESTING
1818,SPLICE
1819,JBISBEE
1820,DREAMG
1821,JAYBONCI
1822,MSARFY
1823,MCEGLOWS
1824,AAR
1825,PERIGRIN
1826,BDAGLISH
1827,JAW
1828,SIMONF
1829,OLIVIERT
1830,SENSEI
1831,NUFFIN
1832,REYNOLDS
1833,DPATES
1834,BILLAUER
1835,EMARTIN
1836,JADEV
1837,HANJE
1838,LARSLUND
1839,MGLEE
1840,JEFFO
1841,IMACAT
1842,PERRIN
1843,CRISB
1844,RUSAKOV
1845,MMABRY
1846,SCHWIGON
1847,CFAERBER
1848,MDEHOON
1849,MFRANKL
1850,NKUITSE
1851,MILLAWAY
1852,AARDEN
1853,RMORIZ
1854,ANDREWC
1855,AFRIKA
1856,ODEZWART
1857,THOSPEL
1858,SMCMURRAY
1859,DSPIZZ
1860,AFRYER
1861,RMBARKER
1862,WARTHURT
1863,BRONTO
1864,MILANO
1865,MUNROER
1866,JONASBN
1867,CHIA
1868,AMGARLAND
1869,SDERLE
1870,JCDUQUE
1871,PGMART
1872,DCHRIS
1873,GOEDICKE
1874,PETERZEN
1875,TRICKY
1876,PETERHI
1877,JASPAX
1878,TURNERMM
1879,VKON
1880,ARPADF
1881,MJFLICK
1882,JTITUS
1883,CCLOUTIER
1884,CFEDDE
1885,GREP
1886,SSCOTTO
1887,ADZZ
1888,BBENNETT
1889,PSIONIC
1890,EVAN
1891,GNAT
1892,GNALABS
1893,LINK
1894,DETZOLD
1895,LORENSEN
1896,RED
1897,CGARCIA
1898,YXES
1899,MWX
1900,BWSMITH
1901,HOPCROFTS
1902,JACOB
1903,SCHULTE
1904,IBB
1905,BARRYPJ
1906,SOFTDIA
1907,MONDEJAR
1908,FOX
1909,MENGWONG
1910,MPRUNTY
1911,SRSHAH
1912,JCROMIE
1913,FREESIDE
1914,SPEEVES
1915,GYEPI
1916,TAKESAKO
1917,ALAMAZ
1918,CBOUVI
1919,EYCK
1920,JVBSOFT
1921,JEREMY
1922,JWHEELER
1923,AHMAD
1924,BRYCE
1925,WALTMAN
1926,KCARNUT
1927,COG
1928,TANIGUCHI
1929,ARAK
1930,ALGDR
1931,ACCARDO
1932,MHOWARD
1933,HENRIKS
1934,KUBOTA
1935,KBURDIS
1936,BBOKSA
1937,MAHNKONG
1938,ALPO
1939,JAMESP
1940,ANUNES
1941,HVC
1942,PHILOU
1943,ORCLEV
1944,RUDY
1945,MADCODER
1946,MGRIMES
1947,BHODGES
1948,SHOGE
1949,LUFI
1950,DISSENT
1951,APERSAUD
1952,WGDAVIS
1953,CLEISHMAN
1954,MMUSGROVE
1955,KOTOTAMA
1956,IOANNIS
1957,OPHIUCI
1958,JWILLIAMS
1959,AJDELORE
1960,APLEINER
1961,RMCFARLA
1962,FRIGHETTI
1963,LESPAUL
1964,CCWALLACE
1965,PRASAD
1966,WIGGLY
1967,MPECK
1968,STEPHANB
1969,UNDERMINE
1970,HANENKAMP
1971,KUDARASP
1972,NPEREZ
1973,SYAMAL
1974,REFLOG
1975,CARTER
1976,BROWSERUK
1977,GCARLS
1978,BRUMLEVE
1979,LEIRA
1980,PIP
1981,JOHNG
1982,ELAGACHE
1983,EDALY
1984,KJETILK
1985,BAK
1986,SMRZ
1987,MAHT
1988,DOOM
1989,WASX
1990,PLANK
1991,MAT
1992,BDWELLE
1993,GAAL
1994,WARMING
1995,CLEMENSG
1996,STRUAN
1997,JKEISER
1998,BARBIE
1999,SLSTAT
2000,STRO
2001,CORUSCATE
2002,CCPRO
2003,GRAZZ
2004,JONALLEN
2005,WILLIS
2006,SGODIN
2007,CROMEDOME
2008,ECASTILLA
2009,ALEXEYT
2010,DBROOKS
2011,MIKEB
2012,AIDAN
2013,TOMK
2014,JHUDGE
2015,PAULB
2016,JCHEN
2017,MMETTES
2018,MOLT
2019,WSYVINSKI
2020,SMYLERS
2021,CDENT
2022,EEKIM
2023,SAPER
2024,JDUTTON
2025,PMISON
2026,ARTHAS
2027,HOMSHERD
2028,SCOOK
2029,SPARSONS
2030,ANZUHAN
2031,SCOLINET
2032,SGOELDNER
2033,NABESHIMA
2034,NITRAM
2035,DAGOBERT
2036,XANTUS
2037,ITUB
2038,DECIUS
2039,NBAREIL
2040,JAMESB
2041,DOMQ
2042,DBLACKA
2043,JSHY
2044,ANIMATOR
2045,CMERTZ
2046,ACDALTON
2047,JGATCOMB
2048,SRI
2049,HIO
2050,BRADC
2051,ZINCDEV
2052,DRAGOS
2053,GEEWIZ
2054,HANGIL
2055,BENNIE
2056,MOPOKE
2057,TSIBLEY
2058,GUGOD
2059,UVOELKER
2060,WEINBERG
2061,HUANGWEI
2062,ANDREWN
2063,GERRIT
2064,OPI
2065,OXE
2066,KNEW
2067,KOSTAS
2068,YOSEFM
2069,TOBEYA
2070,VILJUN
2071,TEXMEC
2072,NKH
2073,STEFAN
2074,EWILHELM
2075,MAXICO
2076,TOONA
2077,RYANPARR
2078,MSHILTONJ
2079,MSHELOR
2080,BDGREGG
2081,BREMNERB
2082,CARCUS
2083,AJOLMA
2084,APOCAL
2085,DJR
2086,OESI
2087,BSHADE
2088,STSANDER
2089,BRADFITZ
2090,STEINSBO
2091,AHAMM
2092,KAGENEKO
2093,SMCKAY
2094,PLISCO
2095,STE
2096,UNICOLET
2097,BRETT
2098,KITDEKAT
2099,LTOETSCH
2100,DFETTER
2101,BPRUDENT
2102,ALGER
2103,AGRICOCB
2104,PEPL
2105,MAHATMA
2106,PIXEL
2107,PREFECT
2108,MJP
2109,CORWIN
2110,MASAHJI
2111,VADIMT
2112,PTIMMINS
2113,BOBW
2114,BAHUGHES
2115,BNEGRAO
2116,DBROWNING
2117,BMORROW
2118,FOOBLE
2119,CRAMER
2120,STELLAR
2121,TUCKERM
2122,REECE
2123,PGUZIS
2124,CGRAU
2125,DIRT
2126,MJBRIGHT
2127,TWH
2128,RKINYON
2129,LROCHER
2130,MSCHMITT
2131,RAHUNT
2132,ACOBURN
2133,MIMER
2134,IMALPASS
2135,OLEKO
2136,FRACOLO
2137,GEOFFR
2138,RZILAVEC
2139,SCESANO
2140,UNRTST
2141,DORIAN
2142,DMYTRO
2143,WSCHL
2144,RJBS
2145,PHLI
2146,GOEVERT
2147,JMASTROS
2148,BLHOTSKY
2149,SMPETERS
2150,DMAKI
2151,MHAT
2152,ROBM
2153,SPALE
2154,BSDZ
2155,STEVIEO
2156,CHRWIN
2157,PJS
2158,JBROWN
2159,DWRIGHT
2160,BRONSON
2161,JPB
2162,DJACOBS
2163,TPG
2164,COLINO
2165,ADEOLA
2166,GWORROLL
2167,SSOTKA
2168,CZBSD
2169,SCHUBIGER
2170,SHUGHES
2171,JDIEPEN
2172,MGRUBB
2173,TPEDERSE
2174,KOTEROFF
2175,CCAVNOR
2176,BRUNODIAZ
2177,DBROBINS
2178,IAN
2179,DSTAAL
2180,AMRUTA
2181,ACRAWFORD
2182,RBRASE
2183,AURUM
2184,NOELBK
2185,DUANEG
2186,KOKOGIKO
2187,FELICITY
2188,MARKD
2189,USTIANSKY
2190,DALLEN
2191,DKYGER
2192,RETOH
2193,JONADAB
2194,CPB
2195,KRAGEN
2196,GAGNONM
2197,PUMBA
2198,DUPUISARN
2199,HASSEILY
2200,CTILMES
2201,JEFFY
2202,ANBON
2203,BADGERSRC
2204,PSME
2205,ZABEL
2206,DANBOO
2207,NAOYA
2208,BEAU
2209,ROGER
2210,BAT
2211,DFRANKOW
2212,BHARB
2213,JHUCKABY
2214,TMERRITT
2215,SNCK
2216,ROONEG
2217,CEESHEK
2218,CHLIGE
2219,ACESTER
2220,JESTER
2221,DANBERR
2222,PICZ
2223,TSKIRVIN
2224,ZAPHAR
2225,SAMLOWRIE
2226,PERSICOM
2227,DHARDISON
2228,DALCAZAR
2229,ZEFRAM
2230,MSIMERSON
2231,JMEHNLE
2232,ZTANG
2233,BORUP
2234,MADGHOUL
2235,SGP
2236,AGRUNDMA
2237,LOVELACE
2238,BHUVAN
2239,HEIKOK
2240,ROUS
2241,RDP
2242,NANDU
2243,DAXELROD
2244,TOBIAS
2245,RDIETRICH
2246,ESSKAR
2247,TVIERLING
2248,WILLMOJG
2249,ZKESSIN
2250,AZS
2251,MIGO
2252,PWALTON
2253,JOSEPHW
2254,MJFS
2255,THOR
2256,JUGUANG
2257,JMGDOC
2258,RAMAN
2259,ZIM
2260,POZNICK
2261,AIZVORSKI
2262,MSTROUT
2263,PRBRENAN
2264,JGOLDBERG
2265,CURTISF
2266,ALGERNON
2267,STEVAN
2268,RST
2269,JONBJ
2270,CMYERS
2271,ZAG
2272,STRCEK
2273,IGVA
2274,MODULO
2275,RENEEB
2276,MARKJ
2277,BTMCINNES
2278,DGORLEY
2279,WYRD
2280,ARANDAL
2281,LABZERONE
2282,CMOORE
2283,KKRON
2284,LARRYSH
2285,ANDY
2286,DEMERY
2287,FITZNER
2288,HARRY
2289,TDS
2290,SJBURGES
2291,TOY
2292,RCHIBOIS
2293,BBAXTER
2294,BPORTER
2295,JJORDAN
2296,ASCHAMP
2297,GROUSSE
2298,WHIZDOG
2299,MRPERSON
2300,PASKY
2301,EMPI
2302,JONATHAN
2303,FWILES
2304,PRATH
2305,LINNIN
2306,CHISEL
2307,WENZ
2308,SHUQUE
2309,KYLED
2310,TTOD
2311,HOLBROOK
2312,MJA
2313,JPACE
2314,DMCC
2315,JNBROOKES
2316,KUUSE
2317,THILO
2318,LANDMAN
2319,SDP
2320,DELANO
2321,TJC
2322,MAMAWE
2323,THARSCH
2324,GRUDZIAR
2325,JBUHACOFF
2326,DAVIDCYL
2327,NIRAVE
2328,SIMATIKA
2329,SDETHER
2330,JOHNWRDN
2331,TAKASHI
2332,RAPTNOR
2333,EAK
2334,GIFF
2335,DIBERRI
2336,MAXDB
2337,ORIEN
2338,MFERRIS
2339,ARC
2340,STRAT
2341,RUZ
2342,TIMBRODY
2343,SAMUEL
2344,HZHOU
2345,DBALMER
2346,APEIRON
2347,MJCARMAN
2348,LINMAR
2349,SCOTTZED
2350,GAZERRO
2351,VXX
2352,YAK
2353,EILARA
2354,FEN
2355,BALESHI
2356,MCHAPMAN
2357,JMATES
2358,JDRAGO
2359,MBLYTHE
2360,JDALBERG
2361,GWADEJ
2362,PLAMBERT
2363,PHOCUS
2364,TOMMIE
2365,SISYPHUS
2366,ALX
2367,LAIRDM
2368,MATTLAW
2369,BHOLSTEN
2370,JCZEUS
2371,HBARTEL
2372,EGYPTUS
2373,STIG
2374,GOLD
2375,KACCV
2376,MVR
2377,DHICKLING
2378,BOZO
2379,ARTURAZ
2380,SPDITNER
2381,WYCHUNG
2382,AWESTHOLM
2383,LARSEN
2384,CRAIGK
2385,CFABER
2386,RUSTYP
2387,MDORMAN
2388,FIGANIM
2389,DOWNHOM
2390,DJCP
2391,VESELOSKY
2392,DFRENCH
2393,FLORA
2394,KASTNER
2395,ZEROALTI
2396,WELTYJJ
2397,CRUNCHIE
2398,PLURAL
2399,KAPPA
2400,DECAY
2401,WONKO
2402,MINCUS
2403,MKUTTER
2404,MJG
2405,KARMAN
2406,BALDR
2407,BETTELLI
2408,MOOLI
2409,RJP
2410,MATJA
2411,JPEREGR
2412,STIQS
2413,SEVA
2414,GNG
2415,GLENSMALL
2416,IAINT
2417,BSHANKS
2418,BUMBY
2419,HORIUCHI
2420,AWWAIID
2421,NJH
2422,CLSUNG
2423,MIKIO
2424,EDWARDG
2425,GOYALI
2426,KORSANI
2427,SHOLDEN
2428,STEPANOV
2429,SCANNELL
2430,ANDYPUR
2431,LUSHE
2432,MDXI
2433,DMABE
2434,LLOYDR
2435,GAISSMAI
2436,NICOLAW
2437,DAVEBAIRD
2438,SHAUNGUTH
2439,MBSTE
2440,GOSHA
2441,NSHAFER
2442,ICHE
2443,THUNDERA
2444,FDULAU
2445,WIMDH
2446,HAMMOND
2447,JUNOS
2448,JCOHEN
2449,ARTO
2450,GREB
2451,JFENAL
2452,MMWEBER
2453,CMO
2454,RMURRI
2455,ALEX
2456,RGIBSON
2457,BINGOS
2458,AROTH
2459,HOWARS
2460,WMCKEE
2461,JHAR
2462,MCARR
2463,THOWELL
2464,AMONSEN
2465,SCHNUECK
2466,KANEY
2467,GOMOR
2468,DWC
2469,FOOLFISH
2470,MJEWELL
2471,SPECTRUM
2472,EZRA
2473,GGUREVICH
2474,VMAN
2475,JALLWINE
2476,CBTILDEN
2477,VLAD
2478,YKAR
2479,QOS
2480,TMOERTEL
2481,ARTICLE
2482,HIMAZU
2483,BENJAMIN
2484,TSCH
2485,BENHMM
2486,RPAGITSCH
2487,SORBS
2488,HKOCH
2489,DSKOLL
2490,DON
2491,ZACS
2492,MAYGILL
2493,AAKD
2494,CHEWTOY
2495,GIRAFFED
2496,RPRICE
2497,TOLIKL
2498,KESTER
2499,WREN
2500,BPOSTLE
2501,ASW
2502,JASONM
2503,ANIO
2504,EMARQUES
2505,CFRANKS
2506,DEW
2507,RIPENCC
2508,LAMECH
2509,CAVASQUEZ
2510,NEMUX
2511,MINTER
2512,TBONECA
2513,CYBERMATT
2514,SEKIMURA
2515,CRAZYDJ
2516,EXIFTOOL
2517,MATTIASH
2518,ZEYA
2519,ECKARDT
2520,SEN
2521,EGERMAN
2522,DTHAY
2523,JKISTER
2524,DAMI
2525,MANNO
2526,AELAND
2527,SCRESTO
2528,AGOE
2529,EIJABB
2530,SSIMMS
2531,LCOWLE
2532,LODIN
2533,BLOM
2534,MATHEW
2535,BBC
2536,ANDALE
2537,DTIBERIO
2538,TSTOCK
2539,JAK
2540,BMOYLES
2541,ARISTOTLE
2542,GCAMPBELL
2543,NIELSEN
2544,KAARE
2545,JMINIERI
2546,MIDDLETO
2547,RJE
2548,PELAGIC
2549,SIMCOP
2550,LEIJON
2551,SSORICHE
2552,SPACEMAN
2553,JASKA
2554,FAGZAL
2555,BHECKEL
2556,KRAILEY
2557,CHUNZI
2558,RHIZO
2559,CLIVE
2560,PEICHMAN
2561,KHURT
2562,BULB
2563,SKIPPY
2564,EWIJAYA
2565,BIGHIL
2566,PAULV
2567,KIRSLE
2568,EROB
2569,ANAGHAKK
2570,BOSU
2571,BWATSON
2572,JOVAL
2573,DLAND
2574,DOM
2575,RALAMOSM
2576,ANTHONYU
2577,TREY
2578,IKALLEN
2579,SHADOWX
2580,CLACO
2581,DOUGTHUG
2582,WBNIV
2583,LOOSIFER
2584,HDM
2585,FAYS
2586,STEVEHA
2587,RHUNDT
2588,PMEVZEK
2589,KOTEROV
2590,MARKLE
2591,EXODIST
2592,DMUEY
2593,LEEYM
2594,JGARVIN
2595,NMCFARL
2596,LBECCHI
2597,LESV
2598,SONNEN
2599,OPIATE
2600,JANPOM
2601,KWOOLERY
2602,PTANDLER
2603,EVDB
2604,FAYLAND
2605,LIOL
2606,GUIMARD
2607,RFRANKEL
2608,JERESIG
2609,OFEYAIKON
2610,TNGUYEN
2611,ANDREWIK
2612,ATOURBIN
2613,MMATHEWS
2614,UKSZA
2615,LOLO
2616,SHY
2617,RJB
2618,WAGNER
2619,VADIML
2620,CANGELL
2621,CCOLBOURN
2622,DAMS
2623,ALEXMV
2624,STEFFENW
2625,JOHNA
2626,SJSMITH
2627,DMANURA
2628,RLAUGHLIN
2629,YAPPO
2630,DISTLER
2631,DMITRY
2632,KENTARO
2633,JEAGLE
2634,ALFW
2635,ONDR
2636,MALETIN
2637,TOBI
2638,JAEPSTEIN
2639,JWHITE
2640,REID
2641,RLB
2642,CDRAKE
2643,BLAIR
2644,HBABCOCK
2645,GMG
2646,BDONLAN
2647,SILI
2648,JONIONS
2649,PORTON
2650,JOOON
2651,PBOWEN
2652,ZAXO
2653,JMFAYARD
2654,LWA
2655,NEBULOUS
2656,TOPIA
2657,PETEK
2658,DBDPG
2659,SHADINGER
2660,HARDAKER
2661,DBURDICK
2662,MAVERICK
2663,JROBINSON
2664,KLOHNER
2665,KCODY
2666,COREY
2667,SJO
2668,ICESPIRIT
2669,DJH
2670,HOLLI
2671,ASAKURA
2672,EIKEG
2673,MBOECK
2674,LAMMEL
2675,ARJEN
2676,SAMUELL
2677,MRJONES
2678,ROBERTMAY
2679,SUNILS
2680,BADKINS
2681,RCSEEGE
2682,KERBERUS
2683,ANONWB
2684,LBENDAVID
2685,DPCHRIST
2686,MUJI
2687,VVU
2688,YANICK
2689,DELANEY
2690,DDS
2691,AHALL
2692,NAUGHTON
2693,TSUKAMOTO
2694,SUE
2695,PJACOBS
2696,MARIOF
2697,PALANT
2698,MIKE
2699,DGL
2700,TOMYHERO
2701,JABLKO
2702,TWILDE
2703,CPANPERL
2704,PSCHOO
2705,DBARTH
2706,ANK
2707,WMSZELIGA
2708,LYOKATO
2709,STUB
2710,BASANTK
2711,ROSSI
2712,JMCADA
2713,DAVIEIRA
2714,DANIELR
2715,CAPTTOFU
2716,MELO
2717,BAUERB
2718,MCEWAN
2719,MCGREGOR
2720,JOHANL
2721,KCIVEY
2722,MFENTON
2723,MARKPASC
2724,DERMOT
2725,BILLN
2726,TJBYRNE
2727,MAKAMAKA
2728,PBOETTCH
2729,MINGYILIU
2730,GRYPHON
2731,PHCOTE
2732,MCURTIS
2733,PEDWARDS
2734,RHESA
2735,GKNAUSS
2736,STILLWELL
2737,KING
2738,JENSL
2739,LBOTTEL
2740,FRIEDO
2741,ARJAY
2742,MALUKU
2743,PAUAMMA
2744,CSA
2745,DKASAK
2746,SPLOTCHY
2747,JWACH
2748,GAM
2749,TERHECHTE
2750,REEDFISH
2751,MLAWREN
2752,AWKAY
2753,WAIDER
2754,HCCHIEN
2755,SMEISNER
2756,SRIHA
2757,POLETTIX
2758,RTFIREFLY
2759,AZJADFTRE
2760,CHAOSLAW
2761,TOBY
2762,ROBLEACH
2763,EDWARD
2764,NEXEN
2765,RCONOVER
2766,STEVENH
2767,RPAUL
2768,ULTRADM
2769,BCEVC
2770,EFOLLEY
2771,CASIANO
2772,BREEGSTER
2773,SMIFFY
2774,ICRF
2775,CREAMYG
2776,TALE
2777,KEN
2778,FERREIRA
2779,VIY
2780,RJOHNSON
2781,JACKSONM
2782,KEVINR
2783,GWOLF
2784,LLT
2785,JMAHONEY
2786,KRAL
2787,JDHEDDEN
2788,ADULAU
2789,BENAZZO
2790,MORGOTHII
2791,GLASSER
2792,LUCS
2793,NANARDON
2794,EVANZS
2795,LINSALROB
2796,CMORRIS
2797,BRADD
2798,AMNESIAC
2799,KOHLIS
2800,MRKOFFEE
2801,DBIALAC
2802,MNDRIX
2803,LOCATION
2804,DMAXWELL
2805,ADRIANWIT
2806,MATTD
2807,DPETROV
2808,SELCOMB
2809,JBM
2810,MJH
2811,AUGUSTO
2812,DENYSV
2813,HOCHSTEN
2814,HSTEEB
2815,MOCONNOR
2816,DAOTOAD
2817,TYPESTER
2818,NMUELLER
2819,MARNANEL
2820,CPLEE
2821,PIRZYK
2822,JGDA
2823,KAILI
2824,KIRSTINB
2825,MIKRA
2826,CAM
2827,JCAP
2828,ELEONORA
2829,SOCK
2830,DSAMZA
2831,AGENT
2832,APALADE
2833,TWERNER
2834,JEB
2835,JEFFW
2836,REITER
2837,BWARFIELD
2838,BCH
2839,JCMULLER
2840,KENWU
2841,DYFET
2842,EROLLINS
2843,KNOTTY
2844,CROSSWIRE
2845,GARTH
2846,RVOSA
2847,SIMKIN
2848,KMIYAZAKI
2849,EJS
2850,JETEVE
2851,JAD
2852,PSPELTZ
2853,RSMITH
2854,RUSEKD
2855,MDMS
2856,AKOLB
2857,PAINA
2858,AHOSEY
2859,TSHINNIC
2860,AAKHTER
2861,ADAMBACK
2862,GABB
2863,WILSOND
2864,HIHIK
2865,DRAUONER
2866,LINC
2867,AYOUNG
2868,NATHANL
2869,LARSNYG
2870,QMIC
2871,ETWOECMA
2872,CLOWN
2873,ELLIPSE
2874,PHILIPS
2875,JSET
2876,FRANCKC
2877,OLIVER
2878,BARGLE
2879,JTAVERNI
2880,WAZZUTEKE
2881,PIA
2882,DLKING
2883,CBOURNE
2884,LMEYER
2885,RPETTETT
2886,SSC
2887,BCT
2888,SCOTTN
2889,THALJEF
2890,ICHUDOV
2891,JKONDO
2892,ROBL
2893,PCAMPBELL
2894,NARUSE
2895,ROBURBAN
2896,BPEDERSE
2897,BERIKV
2898,ALEXEVIL
2899,TOKUHIROM
2900,COPE
2901,BJT
2902,KIANWIN
2903,WALTERH
2904,ALECS
2905,TRIDDLE
2906,DBUCHMAN
2907,RDICE
2908,VIPERCODE
2909,JMHOGLUND
2910,CRAIHA
2911,MITTI
2912,BWARDEN
2913,HOLOWAY
2914,PLATO
2915,SHIAR
2916,DANIELTWC
2917,ZACKSE
2918,DAKKAR
2919,AKR
2920,CTRLSOFT
2921,NEKOKAK
2922,BCHOATE
2923,MRDELAYER
2924,ERICW
2925,LEEDO
2926,CHESSKIT
2927,DOLMEN
2928,SAVA
2929,EBASSI
2930,BASHI
2931,ARCHFOOL
2932,MCANTONI
2933,WORRALL
2934,MIZZY
2935,CHRISY
2936,FOTANGO
2937,PARCHER
2938,LUKHNOS
2939,JGMYERS
2940,HIDE
2941,KARLWARD
2942,ASKADNA
2943,MCAST
2944,POLGAB
2945,KITE
2946,HDP
2947,TOCIYUKI
2948,ALEXMASS
2949,SRIOPEN
2950,TOM
2951,TFOUCART
2952,SARENNER
2953,KYANNY
2954,SCHROEER
2955,RYBSKEJ
2956,GAFFIE
2957,HTCHAPMAN
2958,PHAYLON
2959,JGIBSON
2960,RHYTHMAN
2961,IWALZ
2962,JTATUM
2963,MARKWIN
2964,DENKINGER
2965,SAYANO
2966,MWDHK
2967,JEROMEMCK
2968,LTRIANT
2969,SJZASADA
2970,RYANM
2971,MDASH
2972,DKAMHOLZ
2973,LREEVES
2974,JTK
2975,KRAKEN
2976,KAZEBURO
2977,AJUNG
2978,KRIPT
2979,GARNACHO
2980,MATTK
2981,IJLIAO
2982,JROCKWAY
2983,ITGURU
2984,LUKEC
2985,JAOS
2986,ROHAN
2987,WYLLIE
2988,KRS
2989,RACHEL
2990,PTHOMSEN
2991,ALFIE
2992,SHOT
2993,ODIGITY
2994,JOEYATES
2995,SLENK
2996,CYBER
2997,TWYLIE
2998,FBRIERE
2999,NIGE
3000,NOKY
3001,WKI
3002,WILLERT
3003,SKONNO
3004,DONGXU
3005,BREQUESEN
3006,YORHEL
3007,KADOS
3008,PEREZ
3009,FMERGES
3010,MARCB
3011,RECORDOND
3012,CCOLLINS
3013,KIZ
3014,ZBY
3015,LITCHIE
3016,FELIXL
3017,BASHLOV
3018,DAVIDEBE
3019,KTAKATA
3020,GSIMMONS
3021,BLBLACK
3022,AUKJAN
3023,BLOONIX
3024,ISHIGAKI
3025,DJO
3026,HOOWA
3027,JIRO
3028,INTWO
3029,MAHITO
3030,AKIMOV
3031,KNORR
3032,RICHDAWE
3033,ROAM
3034,GHENRY
3035,CHANSEN
3036,KAZUHO
3037,PKUMAR
3038,AERDAN
3039,SCHOEJO
3040,CAPOEIRAB
3041,HOLLY
3042,AMAHABAL
3043,KSCHEIBEL
3044,PRASHANT
3045,JKISER
3046,NIKOLAY
3047,MARTYLOO
3048,GRANTG
3049,JSTRAUSS
3050,MDOOTSON
3051,NIKRATIO
3052,SUMPFRALL
3053,HCARVEY
3054,BSTILWELL
3055,HUGUEI
3056,JUDITH
3057,JONOZZZ
3058,CLIFFORD
3059,EGORSH
3060,ISLUE
3061,BALDUR
3062,TANGENT
3063,OKROEGER
3064,WDH
3065,SPESHAK
3066,LEVENGLI
3067,RMGIROUX
3068,SCHRIECK
3069,JASHMENN
3070,MMCGILLIS
3071,ZARQUON
3072,ASNMTAP
3073,MARTING
3074,ELLIOTT
3075,TAFFY
3076,AGROLMS
3077,CONTEB
3078,BAYSIDE
3079,PYTHIAN
3080,COKE
3081,CODYP
3082,ROCKY
3083,WSMITH
3084,DRBEAN
3085,RCH
3086,TBUSCH
3087,AWA
3088,THARDISON
3089,JSN
3090,LEIFJ
3091,KULP
3092,MAHLON
3093,SOMMERB
3094,DWILSON
3095,MANFREDI
3096,DAVIDRW
3097,KAWASAKI
3098,YANA
3099,MIKIHOSHI
3100,ESTRABD
3101,MRDVT
3102,BLM
3103,MACKERS
3104,YANNK
3105,ROBINBANK
3106,GRAY
3107,MELONMAN
3108,VICTORF
3109,MYKL
3110,KGRENNAN
3111,MIKEGRB
3112,IZUT
3113,TONVOON
3114,RDROUSIES
3115,ARNESOND
3116,SHERWIN
3117,KTAT
3118,JIMI
3119,MLF
3120,ZIGOROU
3121,SZBALINT
3122,KWMAK
3123,GTERMARS
3124,SMOLAREK
3125,TAMAKOTO
3126,TKEEFER
3127,JIANGS
3128,BMAYNARD
3129,ADAPAY
3130,JASLONG
3131,ENELL
3132,DSCHAEFER
3133,PNEWMAN
3134,TARO
3135,KPV
3136,HEMLOCK
3137,BOXPHERE
3138,SSCHNEID
3139,ZTK
3140,SERGEYCHE
3141,SPROUT
3142,NNUNLEY
3143,MLS
3144,RGS
3145,MIT
3146,SAXJAZMAN
3147,YOSTY
3148,FUJIWARA
3149,GUGU
3150,GPHAT
3151,ADONG
3152,HOYMICH
3153,SNEAK
3154,DMITRI
3155,INFINOID
3156,BAS
3157,SCATO
3158,JOHND
3159,LAMPRECHT
3160,BFAIST
3161,TRAVAIL
3162,JAYWHY
3163,THINCH
3164,CRI
3165,JETTRA
3166,BSI
3167,KARJALA
3168,ABALAMA
3169,MOSTAFAVI
3170,KEVINJ
3171,NURK
3172,RUEYCHENG
3173,MICHAELW
3174,FALCAO
3175,CPKOIS
3176,JDR
3177,ERMEYERS
3178,BMC
3179,LEITGEBJ
3180,BATMAN
3181,DSNOPEK
3182,CORDATA
3183,FRANKCOX
3184,FUZZ
3185,ROBBIEBOW
3186,MJEVANS
3187,DAZJORZ
3188,AMITSIDES
3189,PLOBBES
3190,MWILSON
3191,PSINNOTT
3192,WOHL
3193,ROBN
3194,KOSTYA
3195,KIM
3196,ASPEER
3197,STEFANT
3198,BEADSLAND
3199,YOSHIDA
3200,NODINE
3201,VICTOR
3202,MASAP
3203,TKP
3204,ICD
3205,REDTREE
3206,JOSEIBERT
3207,ASH
3208,LIFO
3209,JLAVALLEE
3210,JAMSHAID
3211,BRTHOMAS
3212,PBOIN
3213,ROOT
3214,GGOUDSMIT
3215,BLGL
3216,CLB
3217,DAVEOLA
3218,SULLR
3219,DVKLEIN
3220,ITWARRIOR
3221,CALVINM
3222,JSHIRLEY
3223,BOLEK
3224,SOZIN
3225,COSTELA
3226,ZERODOGG
3227,MASANORIH
3228,BEECEE
3229,VETLER
3230,ERANGEL
3231,OLEGSHER
3232,HEIKO
3233,CJS
3234,ZEV
3235,RJLEE
3236,IWIARDA
3237,NARKED
3238,DONGYI
3239,BISSCUITT
3240,TAKESHIGE
3241,TIGRIS
3242,JOHNGH
3243,TATENO
3244,BWMCADAMS
3245,KALLEWOOF
3246,JMAHESH
3247,JCARON
3248,NAOYAT
3249,CEDWARDS
3250,TSINGH
3251,GRODITI
3252,JGUENTHER
3253,NHARALE
3254,AUDREYT
3255,SAL
3256,FRANC
3257,GLASSCOCK
3258,HERRERA
3259,MEYEAARD
3260,ADUITSIS
3261,HAMPTON
3262,ARNE
3263,DOCTORMO
3264,CGAUTAM
3265,PEVANS
3266,EMILLER
3267,GSLIN
3268,ELMEX
3269,JTCLARKE
3270,TOJO
3271,BUREADO
3272,ACIDDEATH
3273,SKNPP
3274,MEMOWE
3275,SEBDIAZ
3276,HEDWIG
3277,MAXA
3278,BENH
3279,BOUMENOT
3280,NELHAGE
3281,SDEN
3282,MEWSOFT
3283,JVANASCO
3284,NOSEYNICK
3285,LEVIATHAN
3286,CSJEWELL
3287,LEOCHARRE
3288,ALVAROL
3289,AHOYING
3290,KETHGEN
3291,SNOWFLY
3292,ATG
3293,MICHIEL
3294,OINUME
3295,MWARDELL
3296,TTAR
3297,CGUINE
3298,APLONIS
3299,SYNEDRA
3300,DAVIDB
3301,MHOOREMAN
3302,ANDYA
3303,BRIANSKI
3304,CBERRY
3305,ALBERS
3306,DPRICE
3307,PHRED
3308,RATAXIS
3309,LIMAONE
3310,THW
3311,DFARALDO
3312,KAMENSKY
3313,DMAHONEY
3314,TAWAN
3315,RYANGIES
3316,WHITEB
3317,MAXIS
3318,ZGH
3319,APATWA
3320,JMADLER
3321,TJHLADISH
3322,MGREGORO
3323,CHORNY
3324,WORM
3325,OMEGA
3326,DHA
3327,NLIDZ
3328,DAHUT
3329,RMUHLE
3330,UNOBE
3331,CHI
3332,SNOYBERG
3333,PTINSLEY
3334,ZMIJ
3335,MARKSMITH
3336,HEX
3337,EBHANSSEN
3338,VILEDA
3339,AFN
3340,ABREZINS
3341,BFAGA
3342,CHENYR
3343,KUMA
3344,COLLINS
3345,ELISA
3346,OFER
3347,PJACKLAM
3348,SWAJ
3349,TWITTEK
3350,ARUTEIDO
3351,PTS
3352,MIKFIRE
3353,SENGER
3354,MORRISNIH
3355,RKRIMEN
3356,REITMAN
3357,KITTY
3358,IDO
3359,PKALUSKI
3360,ALET
3361,JOENIO
3362,KWITTMER
3363,JWU
3364,AGF
3365,GREGORY
3366,ROWAA
3367,DOS
3368,RSANDBERG
3369,NEZUMI
3370,GOLHARAM
3371,HOUSEL
3372,THHAMON
3373,ANDREMAR
3374,LSIM
3375,BIGPRESH
3376,MASAHITO
3377,KAORU
3378,CSELT
3379,LEIF
3380,ARODLAND
3381,LCHAVEZ
3382,MBUSIK
3383,MISHOO
3384,PMINT
3385,TDRUGEON
3386,SULLIVAN
3387,EIDOLON
3388,EWATERS
3389,GLEACH
3390,ABURKE
3391,SFLEX
3392,BOGA
3393,ANIAS
3394,BUU
3395,TSUNODA
3396,BLADE
3397,WILCO
3398,ELLIOTJS
3399,DNS
3400,VITA
3401,TAKEO
3402,JDENNIS
3403,RWG
3404,MYSOCIETY
3405,EASR
3406,SENDU
3407,SHIGETA
3408,KYLESCH
3409,BTP
3410,EDIPRETO
3411,OSALAUN
3412,LUCHA
3413,OGASAWARA
3414,JANERT
3415,JAMESGOL
3416,OEMBRY
3417,KVENTIN
3418,MISC
3419,DIOCLES
3420,MMORGAN
3421,RGARTON
3422,SUKRIA
3423,HIROSE
3424,BARTL
3425,KOEN
3426,WAGNERCH
3427,LOZIER
3428,MKAMM
3429,DEG
3430,LFAGUNDES
3431,DANNY
3432,SHAMROCK
3433,AARDO
3434,MML
3435,PANOLEX
3436,JKUTEJ
3437,PERHENRIK
3438,BOFTX
3439,TECHIE
3440,WBUNTINE
3441,TIBI
3442,DACONTI
3443,SUNNAVY
3444,KMCGRATH
3445,KNTH
3446,YUPUG
3447,JOHAN
3448,TBR
3449,KYOSHU
3450,OLLY
3451,CYPLP
3452,KCWU
3453,JCAMACHO
3454,SARTAK
3455,DMESSINA
3456,EVALETO
3457,MWITTE
3458,MACKENZIE
3459,KALELE
3460,VAGNERR
3461,PERLER
3462,YEWENBIN
3463,TOMITA
3464,VICTORI
3465,BJOERNW
3466,ACMCMEN
3467,JEF
3468,DIABLO
3469,YAMAMOTO
3470,MAKIS
3471,JKIM
3472,GRB
3473,BRONDSEM
3474,GIGAGEEK
3475,HESCO
3476,KYPREOS
3477,MARKO
3478,RKAPL
3479,MIKI
3480,JKAMPHAUS
3481,RKOWEN
3482,JACKB
3483,HAHAFAHA
3484,EVANK
3485,MJW
3486,ALFILLE
3487,ALEC
3488,SINI
3489,CKRAS
3490,MINDHACK
3491,VKH
3492,XSAWYERX
3493,AVAR
3494,MUMIAW
3495,CODEHELP
3496,DRAWNBOY
3497,KIXX
3498,PKAEDING
3499,AKAPLAN
3500,TCHATZI
3501,BALAJIRAM
3502,MIKERY
3503,TEMPALTE
3504,VMORAL
3505,JCNORTON
3506,SKI
3507,SHOOP
3508,VMS
3509,ICERIDER
3510,ANDREW
3511,MPELZER
3512,DAUNAY
3513,ARFREITAS
3514,KLEINJ
3515,BANTOWN
3516,QUATRIX
3517,AIRWAVE
3518,MISHIKAL
3519,KJH
3520,DZHUO
3521,MDIETRICH
3522,LEEJA
3523,TAKERU
3524,JINKEE
3525,TKURITA
3526,TIGERPERL
3527,PEGI
3528,YARON
3529,ASTEWART
3530,SHMEM
3531,PCHRISTE
3532,FALCONE
3533,JAYK
3534,PACKI
3535,WALSHAM
3536,PMIC
3537,PALVARO
3538,DAMOG
3539,TAVIN
3540,DWARREN
3541,RIZEN
3542,MINGZHANG
3543,ERICJH
3544,DAAN
3545,DCARDWELL
3546,IHAQUE
3547,EMORISSE
3548,BILBO
3549,GALAND
3550,MARTINK
3551,ERICM
3552,NOZZZZZ
3553,SYBER
3554,VSPADER
3555,WBAILEY
3556,IHARA
3557,NCICB
3558,ASLETT
3559,KAWABATA
3560,QANTINS
3561,NMARDEN
3562,INITDOTD
3563,JZHANG
3564,JHITT
3565,CCOBB
3566,ICYDEE
3567,HOOO
3568,ADAMOWSKI
3569,PETERG
3570,JLEV
3571,SHIRAIWA
3572,EBAY
3573,HACKER
3574,MWARREN
3575,JACQUELIN
3576,CASTOR
3577,YVDHOVE
3578,NTSUTSUMI
3579,ALECH
3580,NCHUCHE
3581,BOKUTIN
3582,JORVIS
3583,INGHAM
3584,MMLANGE
3585,ZEBAZ
3586,VPIT
3587,RODIN
3588,MATTIE
3589,DONEILL
3590,DRULENSOT
3591,MOBILEART
3592,FROTZ
3593,INGRIF
3594,ITDEV
3595,MDIEP
3596,LZE
3597,NIGAM
3598,DEXTER
3599,SNEVINE
3600,FUJIMURA
3601,EALLENIII
3602,PEPE
3603,BERLE
3604,DVSM
3605,DLO
3606,TTY
3607,BFREE
3608,MONTUORI
3609,JROD
3610,GWL
3611,TULSOFT
3612,HESCHONG
3613,NANZOU
3614,LEXUS
3615,MIYAZAKI
3616,RHARMAN
3617,SACAVILIA
3618,BENC
3619,HOLLYKING
3620,PCANARAN
3621,MANNI
3622,DOUMBZH
3623,GAOU
3624,RUSSELLP
3625,GOOZBACH
3626,ALEXLOMAS
3627,GEOKEVHAT
3628,SWARHURST
3629,DAMBAR
3630,WDOBLER
3631,AVINASH
3632,TDEITRICH
3633,CHRMUE
3634,MSANTINHO
3635,KBOCEK
3636,HGNENG
3637,MNOONING
3638,ERIAM
3639,ZIGDON
3640,PMICHAUX
3641,TOBIWAN
3642,ILMARI
3643,JOEJIANG
3644,MBAILEY
3645,RPANMAN
3646,PENGUIN
3647,RIDDLE
3648,NFERRAZ
3649,DHORNE
3650,KZTOMITA
3651,ZIGUZAGU
3652,MEHNER
3653,AVITARNET
3654,BANB
3655,ASHOOOO
3656,DANJOU
3657,IVANWONG
3658,RINTARO
3659,MICHEL
3660,CODECHILD
3661,ITYNDALL
3662,IANK
3663,STEPHENCA
3664,VERESC
3665,ILYA
3666,NOTBENH
3667,JBG
3668,SJN
3669,FERNANDES
3670,ALEXE
3671,SSCAFFIDI
3672,BLWOOD
3673,GGOLDBACH
3674,AAU
3675,AUFFLICK
3676,VIKTORK
3677,EMORGAN
3678,GRM
3679,SEMUELF
3680,MBATISTA
3681,MAXOU
3682,KSCRIPT
3683,BWKECK
3684,FREQUENCY
3685,ASHGENE
3686,OALDERS
3687,MSULLIVA
3688,DAVIDIUS
3689,SWINED
3690,BERA
3691,JSNBY
3692,EDB
3693,JEREMIAH
3694,DIMARTINO
3695,KONOBI
3696,HAGY
3697,DAXIM
3698,MWALLRAF
3699,TIMM
3700,JERBOAA
3701,HARTZELL
3702,PAULDOOM
3703,THINC
3704,NICKOLA
3705,CHITOIUP
3706,PERLBOY
3707,COWFISH
3708,FHOXH
3709,SHELLING
3710,VOJ
3711,LBR
3712,TRIZOR
3713,TAMASHIRO
3714,SHTATLAND
3715,KOSMO
3716,URKLE
3717,ROGERHALL
3718,MITREHC
3719,KESTEB
3720,BKCHAPIN
3721,KXJ
3722,ACG
3723,FXFX
3724,MTROWBRI
3725,MARKUSB
3726,REVMISCHA
3727,DANBORN
3728,LUTETIUS
3729,KCOWGILL
3730,SHIBUYA
3731,JTT
3732,RECLAW
3733,MTURK
3734,BUZZ
3735,GRJONES
3736,MAUKE
3737,LENGEL
3738,DCFLECK
3739,ZANDET
3740,CMONSON
3741,DNARAYAN
3742,DOY
3743,CCHAMBER
3744,ABERNDT
3745,EKAWAS
3746,ANDREI
3747,THEPLER
3748,HDS
3749,GBSHOUSE
3750,INVENTOR
3751,DELON
3752,BEROV
3753,MKANAT
3754,PAJOUT
3755,PLU
3756,PLCGI
3757,CHARDEN
3758,NPW
3759,ECARROLL
3760,MANOJKG
3761,PANGJ
3762,GCERRAI
3763,JJSCHUTZ
3764,MUTOGUZ
3765,TODDR
3766,MORITZ
3767,ICABRERA
3768,JBURNETT
3769,KYLE
3770,LISCOVIUS
3771,MRANDALL
3772,CORNELIUS
3773,COSMICNET
3774,DGRIZZANT
3775,ALEXS
3776,JPAVLICK
3777,DAN
3778,WITTROCK
3779,MIDNITE
3780,CML
3781,SEPP
3782,SASHA
3783,JKEGL
3784,VALDEZ
3785,ENDLER
3786,CVICENTE
3787,ESH
3788,NIF
3789,CHINTANA
3790,CAMELCASE
3791,TKREMER
3792,MSILVA
3793,TURNSTEP
3794,MAROS
3795,BOMB
3796,LUKEROSS
3797,MVZ
3798,NITO
3799,MRA
3800,ROMDAV
3801,APRIME
3802,UKOLOFF
3803,DIZ
3804,CJONES
3805,HPA
3806,PRAVUS
3807,KERISMAN
3808,KIMAHL
3809,MGI
3810,MATIU
3811,ABRAXXA
3812,CBIONDO
3813,PCZERKAS
3814,SOLARANT
3815,HUCKE
3816,MATTN
3817,MCRAWFOR
3818,MKODERER
3819,KBRINT
3820,KWILMS
3821,ACID
3822,XOR
3823,RECKON
3824,AERO
3825,KHS
3826,AFINDLAY
3827,DINOMITE
3828,GIRASQUID
3829,SUZUKI
3830,JCONERLY
3831,CARLOSFB
3832,HAWK
3833,NYARLA
3834,WOREMACX
3835,MARWIL
3836,SIXTEASE
3837,AKOBA
3838,COHTAN
3839,HIRATA
3840,KRAMAN
3841,RIBAMAR
3842,ALIC
3843,BOBTFISH
3844,DMAC
3845,YOU
3846,ICONTACT
3847,CHRISN
3848,YAMATO
3849,ALPHAZULU
3850,EKKIP
3851,ASPINDLER
3852,ANDOT
3853,JEGADE
3854,CHAOS
3855,KRYDE
3856,WOLLMERS
3857,MASAKI
3858,EDENC
3859,CHRISC
3860,ZAKAME
3861,LBAYER
3862,EUG
3863,WURST
3864,KROKI
3865,PEN
3866,ZPMORGAN
3867,HKOBA
3868,MASACCIO
3869,WINGMAN
3870,GBJK
3871,AFF
3872,AMOORE
3873,HESSU
3874,SCL
3875,DMITRYSOL
3876,RUZAM
3877,AJDIXON
3878,FERRENCY
3879,KNASSAR
3880,LICHTKIND
3881,SREEKANTH
3882,SKATTOOR
3883,CORNELIS
3884,CUB
3885,ASVBR
3886,STRZELEC
3887,AUGIE
3888,ARUNBEAR
3889,KOOS
3890,HIRATARA
3891,RUTSCHLE
3892,ZOFFIX
3893,BROCKMD
3894,SATOH
3895,LAYE
3896,DEEPFRYED
3897,BGILMORE
3898,DMPETIT
3899,CLSCOTT
3900,INFERNALE
3901,RGRJR
3902,PERFSONAR
3903,GFUJI
3904,SRHOTON
3905,GROMMIER
3906,SNAFUFANS
3907,BUDNEY
3908,XUERON
3909,POSSUM
3910,JNIXON
3911,HINRIK
3912,GRANDPA
3913,MOPY
3914,KSURI
3915,RKACKLEY
3916,MATTHIASW
3917,YVESAGO
3918,PGRINBERG
3919,CJUKUO
3920,BATZ
3921,POTYL
3922,ZBLAIR
3923,MILAN
3924,MJBUDDEN
3925,FLAZAN
3926,BCBAILEY
3927,GONERI
3928,YUKINOBU
3929,JLLOYD
3930,TERENCEMO
3931,VVELOX
3932,GARAFOLA
3933,ALINKE
3934,AIMASS
3935,DBARTLE
3936,JFRAIRE
3937,HANELYP
3938,AQUILINA
3939,KAIW
3940,HBENGEN
3941,SIZUR
3942,JTRAMMELL
3943,GRAYKOT
3944,MPG
3945,TOMUSCHAT
3946,MFULLER
3947,LMC
3948,ABCDEFGH
3949,MARKWKM
3950,YDNA
3951,FAIZ
3952,RATCLIFFE
3953,BARTOLIN
3954,GENEHACK
3955,DRPROLIX
3956,PJFL
3957,NINE
3958,JAYBUFF
3959,ROBBAT
3960,XPANEL
3961,GAUDEON
3962,HUGHES
3963,LSAUNDERS
3964,FUNGUS
3965,SHENJ
3966,NMARCI
3967,GSULLIVAN
3968,INFIDEL
3969,FRODWITH
3970,BBKR
3971,ZORDRAK
3972,SAMY
3973,GSHANK
3974,HAMANO
3975,DAVVID
3976,NRG
3977,WHITCODE
3978,TOYVO
3979,BSCHMAL
3980,MOTIF
3981,JAMESR
3982,MAMATUX
3983,JAE
3984,BCMB
3985,ITEAHAUS
3986,JBSOLES
3987,ENOOR
3988,ESTRELOW
3989,INA
3990,DAVINCHI
3991,NMELNICK
3992,SANKO
3993,ELACOUR
3994,FCO
3995,MTL
3996,YUSUKEBE
3997,MSCHARRER
3998,GERA
3999,VANY
4000,MBP
4001,ANIRVAN
4002,KIRILLM
4003,ARTHUR
4004,JKRAMER
4005,AKIHITO
4006,LEO
4007,SERA
4008,SASYKES
4009,JLMARTIN
4010,YURAN
4011,ICLARK
4012,CMANTITO
4013,MINDOS
4014,IGORM
4015,DMARTIN
4016,MMARCO
4017,ATRIPPS
4018,RABUSPA
4019,JSTROM
4020,ARUL
4021,KNI
4022,LSFISV
4023,JGOULAH
4024,NAOKIURAI
4025,MSOULIER
4026,JJMB
4027,DALEAMON
4028,MARTYKUBE
4029,KEU
4030,FFAUTEUX
4031,THB
4032,SREAGLE
4033,HIKARINE
4034,HMA
4035,RPHANEY
4036,GARU
4037,CODEREPOS
4038,LAJANDY
4039,HOVENKO
4040,DNICHTER
4041,JLAVOLD
4042,IVANWILLS
4043,JJNAPIORK
4044,DTRISCHUK
4045,KOYACHI
4046,ASCHIG
4047,SKA
4048,XANT
4049,JSOVERSON
4050,PFIG
4051,CHAS
4052,WHITEPAGE
4053,LEIGUANG
4054,PEARL
4055,SMASH
4056,WREARDON
4057,ATHOMASON
4058,JHELWIG
4059,MADZ
4060,YBLUSSEAU
4061,STSI
4062,DAVAZ
4063,JEEN
4064,UKAUTZ
4065,TURUGINA
4066,DAROLD
4067,MASSYN
4068,SRVANCE
4069,EXOBUZZ
4070,AULUSOY
4071,WREIS
4072,HVOERS
4073,MSMITH
4074,FOOLISH
4075,SCHLUMPF
4076,SGRAHAM
4077,BKB
4078,ERIKH
4079,CYGA
4080,TSCHULZ
4081,ELLIRYC
4082,ANALOG
4083,PDEVLIN
4084,JAMADAM
4085,GURUPERL
4086,PSCUST
4087,SHIRIRU
4088,CATONE
4089,WHOPPIX
4090,RJSRI
4091,BORLIK
4092,SKREUZER
4093,AVIAN
4094,BKENDI
4095,SKAUFMAN
4096,JSONNENB
4097,BRADMC
4098,LDAVIS
4099,ADARSHTP
4100,ICHI
4101,LKUNDRAK
4102,KOGA
4103,AMARISAN
4104,NISHIKAWA
4105,ARNHEMCR
4106,BONAR
4107,JAUER
4108,VAYDE
4109,SKAMANSAM
4110,BMILLARES
4111,APLA
4112,MAB
4113,ATTILA
4114,KYOKI
4115,RUSSOZ
4116,DEIAN
4117,USSJOIN
4118,LIEUTAR
4119,HEUMANN
4120,SHINY
4121,AFLOTT
4122,DORMANDO
4123,LAOMOI
4124,OVERMARS
4125,GARGAMEL
4126,LEONT
4127,BRUNORC
4128,RPLESSL
4129,BOGDAN
4130,DCS
4131,STEVENC
4132,HAGGAI
4133,OPERA
4134,OBRADOVIC
4135,LIYANAGE
4136,GRAF
4137,MART
4138,SUPCIK
4139,AYATES
4140,CLEONTY
4141,LUM
4142,JHANNAH
4143,GMCH
4144,ABUI
4145,PMICHAUD
4146,HARLINH
4147,XERXES
4148,STUIFZAND
4149,ANGERSTEI
4150,DUZY
4151,DRAXIL
4152,MJONDET
4153,WILDCHILD
4154,KAMELKEV
4155,CBRINK
4156,JBAZIK
4157,DCOLLINS
4158,NOVIKOV
4159,MONS
4160,RIFFER
4161,CHRISA
4162,BUTILW
4163,RSRCHBOY
4164,REHSACK
4165,GANGLION
4166,DAMJANP
4167,GNUSTAVO
4168,ALEXK
4169,BWIZARD
4170,HAKOBE
4171,RIOS
4172,CLCL
4173,MASSA
4174,SCAIN
4175,KITANO
4176,STYPNOW
4177,RIJA
4178,VASILUS
4179,JRM
4180,FLOWERYSO
4181,BEHANW
4182,PORTA
4183,MMIMS
4184,ECOCODE
4185,TARAO
4186,CGRADY
4187,JMMILLS
4188,BRACETA
4189,GLORYBOX
4190,DRFROG
4191,SEBASTIAN
4192,JPJEON
4193,STOCKS
4194,WNEESSEN
4195,IDERRICK
4196,CHM
4197,FISH
4198,GARIEV
4199,KYZ
4200,PMAKHOLM
4201,ISILLITOE
4202,NANOBIT
4203,MRASH
4204,AZED
4205,SACHINJSK
4206,QUEVLAR
4207,TBESTE
4208,MBETHKE
4209,RIBASUSHI
4210,TEDDY
4211,RADEK
4212,DESOTO
4213,HINNERK
4214,TATE
4215,POWERMAN
4216,BAYASHI
4217,BOBKARE
4218,RGLAUE
4219,JPFRICKER
4220,DZHARIY
4221,VTI
4222,TORU
4223,BFOZ
4224,GRIAN
4225,EHSANE
4226,LMETCALF
4227,BOGDRO
4228,RAF
4229,SWANSUN
4230,EPIPE
4231,MDOM
4232,SKMACPHE
4233,MANGARU
4234,NEVESENIN
4235,DEPESZ
4236,ARUN
4237,DYLAN
4238,BPHILLIPS
4239,JANUS
4240,KERR
4241,LARRYL
4242,IFUSCHINI
4243,MARR
4244,DSPADEA
4245,VOVKASM
4246,HASIOTIS
4247,SOREAR
4248,AECOOPER
4249,DSHEROH
4250,KEVIN
4251,DRAEGTUN
4252,SHARDIWAL
4253,SFRYER
4254,ROBMAN
4255,ROTKRAUT
4256,HOLGER
4257,SILASMONK
4258,LORN
4259,AXIAK
4260,DTADY
4261,SDPRICE
4262,YAMAKURA
4263,MPULTZ
4264,PIOTO
4265,KEICHNER
4266,NEJIGANE
4267,WIML
4268,AZAWAWI
4269,PSHANGOV
4270,MASH
4271,GEBELE
4272,DSOBON
4273,CERATITES
4274,AML
4275,DHARD
4276,DFREEDMAN
4277,HKCLARK
4278,SANTOS
4279,KIMOTO
4280,KJETIL
4281,PRO
4282,RVDP
4283,IZI
4284,RADKOV
4285,CJFIELDS
4286,WOLFMAN
4287,TMAESAKA
4288,GERHARD
4289,KEEDI
4290,WHYNOT
4291,DAWOOD
4292,OTTO
4293,MBEEBE
4294,DAVID
4295,KASHA
4296,MIOREL
4297,LEV
4298,IKEGAMI
4299,JJONES
4300,MOGAAL
4301,NORBU
4302,THORIKAWA
4303,CLEACH
4304,NHEINRIC
4305,TOSHIFJW
4306,RAZOR
4307,TOBYINK
4308,LINAS
4309,KOMORIYA
4310,KILORK
4311,SCW
4312,DUNCS
4313,EARONESTY
4314,DAHILLMA
4315,UHANDA
4316,KORPIQ
4317,IPENBURG
4318,SJSOFT
4319,PALLOTRON
4320,ROSCIO
4321,RCL
4322,PJAIN
4323,SAKOHT
4324,ABEL
4325,BHM
4326,HEYTRAV
4327,SASIKALA
4328,FGOSLICH
4329,HBSLABS
4330,CLBECKER
4331,YEHEZKIEL
4332,MBROOKS
4333,BDD
4334,JDV
4335,JZOBEL
4336,BLUET
4337,BJAKUBSKI
4338,PWES
4339,SHARIFULN
4340,JAMTUR
4341,SVIEBROCK
4342,LONERR
4343,KILNA
4344,MICHAEL
4345,DRINCHEV
4346,DUMB
4347,MACKENNA
4348,NUF
4349,IANRODDIS
4350,HISSO
4351,MUGUET
4352,FANSIPANS
4353,COMSULTIA
4354,HPOUL
4355,HAOSAN
4356,KAKADU
4357,ARSHAD
4358,YUKIO
4359,DARKNOS
4360,YUKI
4361,UNERA
4362,BLILBURNE
4363,THECRAMPS
4364,MITHALDU
4365,KOBAYASHI
4366,REDICAPS
4367,DHOSS
4368,WILLWOLF
4369,BOLAV
4370,JFROEBE
4371,DWP
4372,JMELTZER
4373,DPIROTTE
4374,ISJOUNG
4375,SPADIX
4376,JHTHORSEN
4377,WARRINGD
4378,XINMING
4379,OWL
4380,JUSTER
4381,DSADINOFF
4382,JOBERO
4383,CDARROCH
4384,KBRANDT
4385,RIVY
4386,MARCOG
4387,DJIBEL
4388,JVANNUCCI
4389,KOST
4390,WEHR
4391,JHALLOCK
4392,ROOTKWOK
4393,JMS
4394,STEPHANJ
4395,MARSHALL
4396,MFOLLETT
4397,EFL
4398,PHILIPP
4399,IHEFFNER
4400,CONVERTER
4401,STEALTHY
4402,BROERSE
4403,KALEX
4404,DVWRIGHT
4405,GLAI
4406,AAYARS
4407,NSNAKE
4408,JESSESTAY
4409,SADRAK
4410,GIPPOLITI
4411,EBRAGIN
4412,ELPENGUIN
4413,VAL
4414,ARGRATH
4415,IDOPEREL
4416,SQUALL
4417,SODASODA
4418,HOLMLUND
4419,XESTIA
4420,MEH
4421,MATSUMOTO
4422,COWENS
4423,CYCLES
4424,HLUBENOW
4425,KURIANJA
4426,GORAXE
4427,HIRAFOO
4428,GAURAV
4429,MBAIT
4430,DOUGDUDE
4431,DIEGOK
4432,STASH
4433,JASONMAY
4434,JTGANS
4435,TFRAYNER
4436,FOBES
4437,BCO
4438,KZYS
4439,GDM
4440,DANDV
4441,KENTNL
4442,BEANZ
4443,DSBIKE
4444,ROBINS
4445,ITMFROLOV
4446,IDN
4447,ALTREUS
4448,TAMBASCOT
4449,RECSKY
4450,SHV
4451,RAZZOR
4452,TOMFAHLE
4453,GAURAVKH
4454,MARCUSSEN
4455,MESADAVEY
4456,ZSTEVENS
4457,RCROWDER
4458,DULING
4459,NIKOSV
4460,DSCHOEN
4461,DUBEX
4462,NOBJAS
4463,EGOR
4464,JSA
4465,BFITCH
4466,MARCELO
4467,CHRISS
4468,JAKEGOLD
4469,BGARBER
4470,RANDIR
4471,SIMM
4472,THEREK
4473,PERFORIN
4474,KGALINSKY
4475,FIDDUR
4476,PDONELAN
4477,JOKKE
4478,DANMOORE
4479,ZEFONSECA
4480,XLAT
4481,NATEK
4482,OHOLLMEN
4483,CEBJYRE
4484,RONGRW
4485,LEPT
4486,IVANTIS
4487,ORLANDOV
4488,ATOM
4489,VAD
4490,MALA
4491,TEHSI
4492,CAJ
4493,SYSMON
4494,RBO
4495,GRAFF
4496,SLEONOV
4497,HERVE
4498,JOHANNP
4499,MYRTSCHT
4500,RSN
4501,EDUSEGRE
4502,CNANGEL
4503,AMIRI
4504,MATEU
4505,SCIO
4506,MARTINELL
4507,RJURNEY
4508,DUELAFN
4509,VKRAMSKIH
4510,CGLASS
4511,REDS
4512,CWW
4513,BYTBOX
4514,CAUGUSTIN
4515,BBURCH
4516,SHADOVV
4517,ERIK
4518,SPANG
4519,MASARTZ
4520,VIORELS
4521,JCARREIRA
4522,DERF
4523,BRAMBLE
4524,PENMA
4525,RATTLER
4526,NPLATONOV
4527,ANDREM
4528,JEFFERY
4529,MBRANDON
4530,VEEP
4531,PENFOLD
4532,MFONTANI
4533,MITHUN
4534,YUMATSUMO
4535,SASATA
4536,TFM
4537,JKVA
4538,SKORIKOV
4539,MAGGIEXYZ
4540,OLDER
4541,KAMIPO
4542,HAVI
4543,IVSOKOLOV
4544,COSMIN
4545,PUERCOMAL
4546,KMX
4547,LANTI
4548,FAIRLITE
4549,PUBNOOP
4550,EWINDISCH
4551,LEFORESJF
4552,GMCHARLT
4553,SLOBIN
4554,SHCOREY
4555,KRAIH
4556,DAPM
4557,WMORGAN
4558,PORRIDGE
4559,THOLEN
4560,BLABOS
4561,DMALONE
4562,HAOYAYOI
4563,DAVEGMX
4564,BSM
4565,WPDESIGN
4566,RBUELS
4567,TRENDELS
4568,BUBAFLUB
4569,JCHASSLER
4570,KUNIYOSHI
4571,CHIBA
4572,DICHI
4573,PANYU
4574,ACAJOU
4575,ARLIN
4576,DONATOAZ
4577,POLOCKY
4578,AWNCORP
4579,IMPIOUS
4580,KTHAKORE
4581,TMHARISH
4582,PHATWARES
4583,VANAMBURG
4584,ARISAWA
4585,CIA
4586,DOTTK
4587,LIOSHA
4588,JWRIGHT
4589,DERMOTH
4590,FERZ
4591,ARNIE
4592,BLAKEW
4593,RICK
4594,RSIDDALL
4595,JAKOBI
4596,ALEXM
4597,DYLUNIO
4598,PLAVEN
4599,RARBOX
4600,GVENKAT
4601,FANGLY
4602,PGRASSIE
4603,FROLLER
4604,NIDS
4605,FREW
4606,SKIM
4607,SETITESUK
4608,RODRIGO
4609,GALILEO
4610,CRAFTWORK
4611,BOBPP
4612,JCLINE
4613,MMCLERIC
4614,BRUMMETT
4615,SHIMI
4616,MOB
4617,BRUNOV
4618,AMONTERO
4619,STIGTSP
4620,SCHWA
4621,DORWARD
4622,SSEVERIN
4623,ASPRILLIA
4624,LENIK
4625,MYFINDER
4626,TEQUETER
4627,QSUN
4628,ZOUL
4629,SEWI
4630,KRISTINA
4631,ASG
4632,JSOBRIER
4633,MJGARDNER
4634,PMV
4635,SAUBER
4636,FUJISAWA
4637,VITOCO
4638,TOMO
4639,WSDOOKADR
4640,NICEPERL
4641,CJCOLLIER
4642,JAWNSY
4643,DEVMORFO
4644,DRSTEVE
4645,TMULEVICH
4646,DAVIDP
4647,DCMERTENS
4648,MORIYA
4649,MILA
4650,GSIEMS
4651,MAJENSEN
4652,ASB
4653,FAXIOMAN
4654,FWIE
4655,JABRA
4656,AHERNIT
4657,NATON
4658,KITOMER
4659,BASTIAN
4660,STKEVIN
4661,MSTPLBG
4662,MDI
4663,NWELLNHOF
4664,NATG
4665,PERLISH
4666,DMLOND
4667,MURATA
4668,KUBINA
4669,PMOONEY
4670,PFISCHER
4671,MMUELLER
4672,NIERLEIN
4673,MQSERIES
4674,LUNGCHING
4675,NATANAEL
4676,DFIELDING
4677,RIVOTTI
4678,EDOARDO
4679,FIBO
4680,JBEVERLY
4681,DEANF
4682,ZIBRI
4683,EFUNNEKO
4684,ACCA
4685,DATA
4686,TSUCCHI
4687,FRIFFIN
4688,NUCLON
4689,IONCACHE
4690,YEGG
4691,CAMSTUART
4692,ICC
4693,STEVECOOK
4694,CAVAC
4695,DSTH
4696,AJGB
4697,JBOHM
4698,BRAD
4699,BRUC
4700,SJCARBON
4701,MEYERING
4702,IDEN
4703,KHULTMAN
4704,DALTSKI
4705,BRENDAN
4706,ALASKA
4707,LESPEA
4708,EGILES
4709,HEMBREED
4710,XIAOLAN
4711,CMILLS
4712,REMI
4713,CBUREL
4714,WOWASURIN
4715,XAICRON
4716,KJELLM
4717,JUMASH
4718,MVOELKER
4719,HDAICHI
4720,RPKELLY
4721,SKUBOTA
4722,NEKOYA
4723,MIKEJ
4724,BHANN
4725,PMURIAS
4726,JLOPHTY
4727,ISAGE
4728,RANDOMMAN
4729,USUALOMA
4730,SJHAWTIN
4731,SQUEEK
4732,TGIMMEL
4733,POPPEN
4734,JNLIN
4735,SPAZM
4736,FLECERF
4737,DONANGEL
4738,BCARROLL
4739,VINSWORLD
4740,TROTSKEY
4741,HARPREET
4742,PGRIFFIN
4743,MIKEOB
4744,PIN
4745,SMAN
4746,SONGMU
4747,ZWON
4748,INFRARED
4749,BJDEAN
4750,NANIS
4751,JUSTIN
4752,OTY
4753,MANJUNATH
4754,LANY
4755,BUNDACIA
4756,MGRIMM
4757,MFROST
4758,YORKWU
4759,PAWELKROL
4760,HENDRIKS
4761,JINGRAM
4762,ASTEI
4763,PRAVEEN
4764,VLYON
4765,PIXIE
4766,LGEHLEN
4767,WINTRU
4768,KIMHAWTIN
4769,KNTONAS
4770,EDECA
4771,FLAMEY
4772,CMCKAY
4773,MSULLAND
4774,LCONS
4775,SHURIKO
4776,BLUECURIO
4777,DUL
4778,BILLW
4779,KYOMAIODP
4780,AIVATURI
4781,YANOTHER
4782,CRABTREE
4783,XENOCIDE
4784,JTANG
4785,YOSHIMI
4786,OKKO
4787,TRCJR
4788,TSAFSERGE
4789,MALLEN
4790,MENGXR
4791,MENDEL
4792,GREENBEAN
4793,CONKLIN
4794,TUCO
4795,SHOORICK
4796,FILIN
4797,NES
4798,MWELLS
4799,RAPMANKIN
4800,DROOGIE
4801,SHASSAN
4802,MNCOPPOLA
4803,MURPHY
4804,PATCH
4805,TMUELLER
4806,IKUTA
4807,JAYCE
4808,BKANEY
4809,ACHIMRU
4810,WOOSTER
4811,KOORCHIK
4812,CCCP
4813,DHOUSTON
4814,TONODERA
4815,CJK
4816,JESTOCK
4817,XINZHENG
4818,SHUCAO
4819,SANTERI
4820,TROXEL
4821,SIXAPART
4822,KEMMONS
4823,OHWOW
4824,SYNCLOVER
4825,TRWWW
4826,ITRUNAEV
4827,UGEXE
4828,MRGRIPH
4829,MANTOVANI
4830,EVI
4831,FROGGS
4832,PWBENNETT
4833,KURIYAMA
4834,BOSBORNE
4835,HABEGGER
4836,JCUA
4837,IARNELL
4838,YUTA
4839,JMTORRES
4840,ANAK
4841,BITTER
4842,TOMHRR
4843,PSANNES
4844,DOSNIBBLE
4845,JPLATTER
4846,TADAM
4847,PVANDE
4848,FUSINV
4849,VOVA
4850,MMERTEL
4851,RPETRE
4852,HAARG
4853,SIRROBERT
4854,CSTEPHENE
4855,BITMAN
4856,OLEG
4857,DPMEYER
4858,JOEATZ
4859,SEAGIRL
4860,ALLOLEX
4861,BAHOOTYPR
4862,PSILVA
4863,DSOLIMANO
4864,SHELLTUX
4865,JESSSSST
4866,TYRODEN
4867,MADCAT
4868,DAM
4869,TTG
4870,TEMPIRE
4871,MAXS
4872,ETJ
4873,MRUIZ
4874,CHILTS
4875,DANIELP
4876,XENO
4877,MUTANT
4878,ZENOG
4879,ROKR
4880,RGE
4881,ANSGAR
4882,JIRA
4883,ALEXBIO
4884,TECHCODE
4885,EMAZEP
4886,JNW
4887,BRANSCHA
4888,KSTEPME
4889,ZBS
4890,MDBGRIZ
4891,CINDY
4892,DMITRYNOD
4893,EXUSSUM
4894,PRIVI
4895,SORTIZ
4896,TUSHAR
4897,SLAFFAN
4898,PDW
4899,YHA
4900,IEFREMOV
4901,JAMHED
4902,XEONTIME
4903,ASHISHM
4904,SVOELKEL
4905,ZERO
4906,ULIZAMA
4907,XDR
4908,KHEMICALS
4909,SHAW
4910,TMA
4911,MERIXZON
4912,BSNOOP
4913,MAJA
4914,PAIXAOP
4915,GETTY
4916,TLOUSKY
4917,ZEROHP
4918,FSEITZ
4919,PUNYTAN
4920,SEKIA
4921,JPR
4922,CLOOS
4923,ABURS
4924,JOHAYEK
4925,MYSTERYTE
4926,NXONEP
4927,AFFC
4928,NAIM
4929,JFEARN
4930,MEPHIST
4931,PMORCH
4932,AVIKAK
4933,MARTIRE
4934,QUELCOM
4935,BRAINBUZ
4936,IFOMICHEV
4937,WRATH
4938,AESPEN
4939,KOHTS
4940,BILLWALZ
4941,DINGZEZHU
4942,MOLECULES
4943,FRIED
4944,ESP
4945,CPANEL
4946,DUFF
4947,AESOP
4948,RUNE
4949,FIREPEAR
4950,HARSHAG
4951,NLEWIS
4952,OISHI
4953,DWUEPPEL
4954,HAWKMOON
4955,SKX
4956,BRIANG
4957,JURUEN
4958,SGERSTEN
4959,MAMOD
4960,SHIBAZAKI
4961,LIFEGUARD
4962,GEOJS
4963,AGORMAN
4964,ADRIAN
4965,ATANATION
4966,DANHGN
4967,MDUNHAM
4968,ODYNIEC
4969,GREPBOY
4970,JTOPJIAN
4971,UNIFIEDSW
4972,TIM
4973,DOGGY
4974,TOMASZ
4975,KEROYON
4976,FIRMICUS
4977,ZDM
4978,XIONG
4979,DEEPAKG
4980,STEFANOS
4981,POCKET
4982,ZENTOOO
4983,KCOTT
4984,VDG
4985,AYANOKOUZ
4986,JAME
4987,JSIMPSON
4988,KAMAL
4989,DUEBERB
4990,MLANIER
4991,CUBABIT
4992,JASALOMON
4993,KLYNC
4994,MNF
4995,HSW
4996,BBIMBER
4997,EAST
4998,BLAIZER
4999,BLX
5000,YKO
5001,NEOPHENIX
5002,CMCOSSE
5003,LUX
5004,GGALLONE
5005,JTPALMER
5006,MCAUDILL
5007,BANG
5008,WIRELESSD
5009,JWEBSTER
5010,CSR
5011,WORR
5012,PECO
5013,BENBOOTH
5014,IRONCAMEL
5015,VCRINI
5016,TIMOS
5017,INTERMINE
5018,TWINKLE
5019,SPRADEEP
5020,ERNESTO
5021,AKALINUX
5022,ZEROLIU
5023,HITSU
5024,SHUFF
5025,HERNAN
5026,MANWAR
5027,MELEZHIK
5028,ARCANEZ
5029,ETHER
5030,YSASAKI
5031,EDWARDIII
5032,BTIETZ
5033,ANELSON
5034,SDECASTE
5035,XAV
5036,ADITYA
5037,KCHAITAN
5038,AXANTHOS
5039,ARMSTRONG
5040,FREMAN
5041,HOBBESTIG
5042,DETI
5043,AJCT
5044,CARWASH
5045,DOHERTY
5046,HOFFY
5047,COMPLX
5048,OTTERLEY
5049,RWSTAUNER
5050,BESSARABV
5051,SIMEON
5052,SLEDGE
5053,DANIELM
5054,ANDREPO
5055,ZABA
5056,DRUXA
5057,NNUTTER
5058,NICZERO
5059,KHUSSEIN
5060,AMBRUS
5061,PKAROUKIN
5062,EDF
5063,FREDERICD
5064,ANDOZER
5065,EZARKO
5066,QIUHW
5067,SKUPSY
5068,EKOS
5069,DJZORT
5070,LIGHTSEY
5071,NHORNE
5072,PARANOID
5073,TZADIKV
5074,MBAAS
5075,UNDEF
5076,SEESTIETO
5077,IMIOSGA
5078,KARUPA
5079,VASEKD
5080,OLOF
5081,BFG
5082,MROZ
5083,MOTEMEN
5084,ESSELENS
5085,SWESTRUP
5086,WOLDRICH
5087,PFARR
5088,FULLERMD
5089,NOBODY
5090,YOBERT
5091,MONSIEUR
5092,RAAB
5093,PHONYBONE
5094,TWRIGHT
5095,CDFH
5096,MPGUTTA
5097,METADOO
5098,PATBAKER
5099,KAN
5100,PIROLIX
5101,RTHOMPSON
5102,DAMEO
5103,ALYX
5104,DDB
5105,BKA
5106,CARMARK
5107,GREEN
5108,JCOP
5109,OKAMUUU
5110,MURUGU
5111,TJYANG
5112,SARAVANAN
5113,NOUDARD
5114,KARTHIKU
5115,SYMKAT
5116,NARBEY
5117,ADAMC
5118,PUCK
5119,JASONJAYR
5120,TWESTWIND
5121,TEAM
5122,ZZZ
5123,HATENA
5124,OKOPNIK
5125,DCHESTER
5126,JAITKEN
5127,ALEXD
5128,DUTCHIE
5129,MARSA
5130,SHONORIO
5131,DOUGWEBB
5132,AKS
5133,YFLIU
5134,PJOBSON
5135,LOVEKY
5136,CSCM
5137,NGS
5138,ASDEEVA
5139,MOSHEGOOD
5140,WOLVERIAN
5141,JIGSO
5142,LIUER
5143,RHOELZ
5144,LUKAST
5145,DKOGAN
5146,PBOYD
5147,ARJUNS
5148,MALLRED
5149,AJKALD
5150,SOLVE
5151,TSCHWAND
5152,DAV
5153,MOSHEN
5154,WBASSON
5155,RATLIFFM
5156,BBQSAULS
5157,HEJKI
5158,ADITTES
5159,CAMERB
5160,BUGONI
5161,PYH
5162,LOTTZ
5163,DALINAUM
5164,LOTTC
5165,ELISHEVA
5166,BALDOWN
5167,RENTOCRON
5168,REIVEUNE
5169,MPOURASG
5170,DBOURGET
5171,MARIUZ
5172,ASP
5173,AANOAA
5174,FRANKS
5175,DFH
5176,KTDREYER
5177,JEFPONOT
5178,APTITUZ
5179,MXEY
5180,JENKINSON
5181,MFW
5182,DMOR
5183,ROBERTSD
5184,ANTONFIN
5185,SCLOUSE
5186,SIDD
5187,ROZARY
5188,RAPHINK
5189,BGILLS
5190,MNUNBERG
5191,COUDOT
5192,BLUHM
5193,POPIEL
5194,AMORETTE
5195,AMD
5196,BOMBARELY
5197,DHAVAL
5198,WUMPUS
5199,MATTDEES
5200,FORWARD
5201,BYRON
5202,MET
5203,ZDK
5204,FMARIER
5205,NINUZZO
5206,MTADEL
5207,VIGITH
5208,VMOISEEV
5209,SPARKY
5210,JSTEBENS
5211,DKG
5212,NXADM
5213,JCOLE
5214,LTP
5215,EDWARDSON
5216,LOSYME
5217,GREENPAU
5218,KHW
5219,TOMELIAZ
5220,RIESM
5221,SAYMEDIA
5222,NBEBOUT
5223,MHO
5224,UWES
5225,LSTEVENS
5226,BVIERRA
5227,AWOHLD
5228,GABIRU
5229,CRUX
5230,PNU
5231,HSUREN
5232,RAYNERLUC
5233,DRYMAN
5234,BAREFOOT
5235,TSKHO
5236,SSINYAGIN
5237,SELKOVJR
5238,JBARRATT
5239,CVEGA
5240,MICHELEON
5241,RPORRES
5242,CELOGEEK
5243,RJH
5244,RSIMOES
5245,MARKG
5246,MMV
5247,BRICKER
5248,DAEMON
5249,WALSHTP
5250,DKU
5251,FRASE
5252,RALPH
5253,WOLFSAGE
5254,KARAVELOV
5255,ONLYJOB
5256,JBERGER
5257,DWMYERS
5258,DADIS
5259,SHEENAMS
5260,ERINSPICE
5261,HENRYYKT
5262,MATTP
5263,MEETTYA
5264,MIRABELLA
5265,SUGOIK
5266,STOVENOUR
5267,ADOPTME
5268,TMANNERM
5269,KGOLDOV
5270,SRINIPERL
5271,BHERWEYER
5272,KOVENSKY
5273,XIAODIAN
5274,CBRADFORD
5275,AELSE
5276,MAIO
5277,DOUGLEITH
5278,BAERGAJ
5279,MONSENHOR
5280,BEVO
5281,CSEATON
5282,BARTENDER
5283,PHILIP
5284,SEVEAS
5285,HALKEYE
5286,MAESTRO
5287,NANTO
5288,SHABBLE
5289,CHOROBA
5290,JCERVAN
5291,SHMORIMO
5292,CADAVIS
5293,VIKAS
5294,ABLAKELY
5295,AVUSEROW
5296,SADI
5297,JFRIED
5298,LRR
5299,LCARMICH
5300,CKFULTON
5301,CONOR
5302,ARMSTD
5303,SHANTANU
5304,CHEAKO
5305,MCB
5306,CHENGANG
5307,ROMANF
5308,BCLAWSIE
5309,HIDEAKIO
5310,NVBINDING
5311,MARCC
5312,VEROLOM
5313,DKRAUSE
5314,MINIMAL
5315,KIMBREL
5316,CHETANG
5317,SEMENOVF
5318,ASOKOLOV
5319,BHALLISSY
5320,WHITNEY
5321,SILVIOQ
5322,LENJAFFE
5323,DEVEN
5324,XENU
5325,KAL
5326,SYOHEX
5327,ARNSHOLT
5328,MILAD
5329,VADZ
5330,SJENKINS
5331,SALTBREEZ
5332,JON
5333,HWEBER
5334,JUNKER
5335,FARHADM
5336,MARROTTE
5337,MSANTOS
5338,PROFANTER
5339,JASONPOPE
5340,DBWELLS
5341,HELO
5342,MIKKOI
5343,AGJ
5344,SHARADA
5345,DDEBRITO
5346,LACKITA
5347,MARSAB
5348,JAU
5349,SARFY
5350,THEILING
5351,FINN
5352,MARKW
5353,DLAMBLEY
5354,CRUSOE
5355,ROHANK
5356,BGAY
5357,JORDAN
5358,BOSTON
5359,BKLAAS
5360,LOKKJU
5361,KANISHKA
5362,BOBERNST
5363,BARNEY
5364,BRADH
5365,EXC
5366,YAITSKOV
5367,BRAINTREE
5368,LOGIE
5369,GCHILD
5370,SDT
5371,WINTER
5372,SLU
5373,ONISHI
5374,ELBOW
5375,LYUMING
5376,CLADI
5377,DAVIDO
5378,MARKWHI
5379,JALOPEURA
5380,NEIKON
5381,TKR
5382,LDIDRY
5383,MRSCOTTY
5384,UNLEARNED
5385,BERNARD
5386,BSORAHAN
5387,MCMIC
5388,KABLAMO
5389,MPLATTU
5390,AKHUETTEL
5391,SEBNOW
5392,ABCABC
5393,MICHIELB
5394,NAZRI
5395,AHARONI
5396,FGA
5397,EHASTINGS
5398,KALGAN
5399,PAWAPAWA
5400,LUCAS
5401,RCHANDRAM
5402,MUGENKEN
5403,PRAMAKERS
5404,KOLYA
5405,AGORDON
5406,GPALMER
5407,JHERM
5408,MORNINDED
5409,ZJT
5410,ARPI
5411,EDUARDOW
5412,TOKAREV
5413,DANAJ
5414,FVOX
5415,ZETA
5416,ARJONES
5417,IOANR
5418,LROMAN
5419,TRON
5420,NJWALKER
5421,JDAVIS
5422,DBB
5423,MURATAYA
5424,FOXCOOL
5425,ANNELI
5426,TREEKI
5427,NEERAJPM
5428,SONNY
5429,GIATORTA
5430,PERLOVER
5431,LANGENJO
5432,WROG
5433,JWANG
5434,WWOLF
5435,TEX
5436,CONO
5437,DDAY
5438,WILLEM
5439,KWATCH
5440,RAFALUCAS
5441,FASTLY
5442,TORG
5443,MGASEK
5444,LAPIS
5445,FOXEY
5446,CFOUTS
5447,BOWTIE
5448,SPJW
5449,GRAVATTJ
5450,YAYOHEI
5451,LECSTOR
5452,NYAKNYAN
5453,HUXTONR
5454,AIMBERT
5455,FRANCISCO
5456,SADAMS
5457,YSYROTA
5458,DAMO
5459,BYTEROCK
5460,BHEISIG
5461,CUBRID
5462,CFALLEN
5463,MSPERL
5464,IBUDAI
5465,KALEYCHEV
5466,SAILTHRU
5467,XAOC
5468,GBUDD
5469,DBMOLESTA
5470,ALEVENSO
5471,ALT
5472,ANDREFS
5473,COMSKIL
5474,ALEXX
5475,CLAIRVY
5476,SNUMANO
5477,TAKUJI
5478,NOTDOCTOR
5479,KOSCIELNY
5480,LEEPEN
5481,KABANOID
5482,XYF
5483,NICWOLFF
5484,WULEE
5485,YWANGPERL
5486,LEVIA
5487,JRIDEOUT
5488,DUKKIE
5489,JONATAYAH
5490,CNRDEEIO
5491,YHPENG
5492,DAVEWOOD
5493,PEK
5494,BKRON
5495,AUBERTG
5496,GNB
5497,LEANDR
5498,LLOYDG
5499,BABF
5500,MELLERY
5501,YSIMONX
5502,MGOULD
5503,WEBY
5504,DCARVELL
5505,RAYMOR
5506,TRLORENZ
5507,NIXUS
5508,KBA
5509,SHOOTNIX
5510,KIWANAMI
5511,KUMY
5512,YOWCOW
5513,LIBVENUS
5514,XANNI
5515,BRIAND
5516,BENW
5517,ATOOMIC
5518,ANAZAWA
5519,BPMEDLEY
5520,HELENA
5521,SANTEX
5522,SYAGI
5523,COPPERLY
5524,LEPREVOST
5525,RSHADOW
5526,BHILDRED
5527,STANS
5528,JJACK
5529,VOEGELAS
5530,ALEXBYK
5531,ALUCAS
5532,USMANOV
5533,CANID
5534,SEOVISUAL
5535,WSHELDAHL
5536,MWENDL
5537,TOMHUKINS
5538,JTBRAUN
5539,CFORPC
5540,CJUAN
5541,CHIGGINS
5542,THAVELICK
5543,CHIPSOID
5544,MARSCHAP
5545,NORDAAKER
5546,NLNETLABS
5547,LOGICUS
5548,JOKERGOO
5549,CWIMMER
5550,TRSKI
5551,MFU
5552,GDEY
5553,MSTOCK
5554,RPLATEL
5555,ASIMON
5556,SYXANASH
5557,TJOHNSON
5558,BORISD
5559,YOREEK
5560,JWB
5561,KHAREC
5562,KOCEASY
5563,LANCET
5564,DFRETT
5565,NATELEWIS
5566,TENGU
5567,RDO
5568,PERLPROXY
5569,RUR
5570,MSABRAMO
5571,GYPARK
5572,SVERBERN
5573,KATE
5574,CORYB
5575,OFFERK
5576,MPAPP
5577,PINKHASN
5578,STEVEB
5579,UNCLEANDY
5580,DRZIGMAN
5581,JWIELAND
5582,REALHOLGI
5583,HOREA
5584,CMOEWES
5585,ATODOROV
5586,MARIAB
5587,PLYTLE
5588,KISEKI
5589,MOOSA
5590,VAXMAN
5591,PDR
5592,NARAZAKA
5593,CSIDE
5594,GILLMAUS
5595,HJANSEN
5596,IDIVISION
5597,PITCHLESS
5598,KOJIMAGI
5599,NAVNEET
5600,HABE
5601,COLINSC
5602,CAGAO
5603,DJOOS
5604,ACRUSSELL
5605,OMNI
5606,YURY
5607,APERROTT
5608,PHAM
5609,HIMACHOCO
5610,MGANNON
5611,AVENJ
5612,HWAT
5613,MCONNER
5614,MAHIRO
5615,ILV
5616,JANDREW
5617,CUSTARD
5618,FLAVIOAM
5619,EVERYBODY
5620,ONEGRAY
5621,QUENTUS
5622,BOB
5623,DANFRU
5624,IPH
5625,MCGRUFF
5626,NRR
5627,DWATSON
5628,BUGOV
5629,JPINKHAM
5630,GSTRAUSS
5631,VDANJEAN
5632,PEDLAR
5633,SUPERASN
5634,LSF
5635,RFREIMUTH
5636,DARKSMO
5637,JORISVR
5638,AAMEND
5639,RHAXTON
5640,CARLVINCE
5641,TANTALOR
5642,BBYRD
5643,JCLEMENTS
5644,SHURD
5645,TNAGA
5646,JALYCAI
5647,ROHANPM
5648,SITETECH
5649,NICS
5650,JEFFOBER
5651,ADAMBA
5652,CAIO
5653,CRZEDPSYC
5654,PHILLIPS
5655,FKALTER
5656,MJEMMESON
5657,MSCHUETT
5658,DIONYS
5659,MYSZ
5660,CHRISV
5661,DCLARKE
5662,MOOLLAZA
5663,JDDPAUSE
5664,DBR
5665,LEONMEDIA
5666,JOBA
5667,JOELJAC
5668,MICHAELR
5669,CLWOLFE
5670,SIRMXE
5671,BELDEN
5672,ACPGUEDES
5673,RAYM
5674,RGRAU
5675,EAX
5676,WESM
5677,JIMBOB
5678,MACROFAGE
5679,BULKDD
5680,SGLADKOV
5681,PERRETTDL
5682,ASHLEYW
5683,CNIGHS
5684,DWCARDER
5685,LTHARRIS
5686,DEMIAN
5687,MTINBERG
5688,ROHLFSC
5689,MLX
5690,BCARMER
5691,BRYAN
5692,BOATES
5693,YARROW
5694,JJCARMAN
5695,CTREPTOW
5696,PHILLUP
5697,ACFEREN
5698,KEVINZ
5699,MBHALL
5700,WALLISDS
5701,BEAST
5702,KJAM
5703,KENO
5704,JARICH
5705,STICKPIN
5706,JLRUSH
5707,ABHIISNOT
5708,JANEZHANG
5709,IAMB
5710,DYOUNG
5711,MARVIN
5712,NUBA
5713,ADROFFNER
5714,APNIC
5715,NMOLDAV
5716,MAJLIS
5717,ICIBIN
5718,FRACTAL
5719,SAMB
5720,TOSHIOITO
5721,DOUGLISH
5722,OVENMAN
5723,STRANGE
5724,HEIKKI
5725,MAG
5726,TAGOMORIS
5727,TVIGNAUD
5728,CHRISFR
5729,MKJELLMAN
5730,KNM
5731,BSINGER
5732,CPANIC
5733,MOTONAROL
5734,LINKDD
5735,BAGET
5736,REV
5737,TNISH
5738,GSB
5739,RAZ
5740,STEVENL
5741,OHOUSHYAR
5742,BIESZCZAD
5743,MYDMNSN
5744,MUDDYDIXN
5745,KUERBIS
5746,KOMAROV
5747,BILLHAILS
5748,MMORRIS
5749,FBORSHEV
5750,KAOSAGNT
5751,COLEMINOR
5752,DEMMY
5753,PERFORB
5754,KEEKUNG
5755,THORGIS
5756,TRIZEN
5757,RULIX
5758,EHSAN
5759,ROS
5760,SEBA
5761,DRLARO
5762,CODEBREAK
5763,FARHAD
5764,TCONST
5765,LOIC
5766,DADERUS
5767,MPASTERN
5768,JOAOCOSTA
5769,KIELSTR
5770,SKYEND
5771,MUCKER
5772,RPICARD
5773,AKIYM
5774,TELKINS
5775,CLSN
5776,ATIFK
5777,RBUSH
5778,SHOHEIK
5779,MAJESTIC
5780,EDAM
5781,GODE
5782,AJWANS
5783,SCHRORG
5784,NEWELLC
5785,JELU
5786,OVERLAST
5787,PLICEASE
5788,HITAPEX
5789,KAZUNORI
5790,AJPAGE
5791,WESAL
5792,MRF
5793,GRAHJENK
5794,BKATZUNG
5795,AUGGY
5796,FUKATA
5797,JONTAYLOR
5798,JAC
5799,VSESPB
5800,BABKIN
5801,DELPHINUS
5802,SDAODEN
5803,JACKMANEY
5804,AUBREYJA
5805,PANIKAL
5806,NUDDLEGG
5807,DTORRES
5808,HORST
5809,SDOWIDEIT
5810,SSQQ
5811,TRAVIS
5812,EBAUDREZ
5813,KARINILS
5814,KIO
5815,LINUS
5816,MRSLX
5817,CALDRIN
5818,CPORTMAN
5819,JNQUINTIN
5820,GEEKLADY
5821,PDURDEN
5822,MIKET
5823,KAWAMURAY
5824,FAXMODEM
5825,DCPETROV
5826,JMEGERMAN
5827,YTURTLE
5828,DQNEO
5829,BGPMON
5830,ZOWIE
5831,DOZZIE
5832,SGOVIND
5833,JOMON
5834,LUYSEYAL
5835,SANBEG
5836,JUDIOO
5837,MNIKHIL
5838,GBL
5839,DJCOLLINS
5840,CRLYJEP
5841,HAYAJO
5842,OAXLIN
5843,RJESCHMI
5844,SAULIUS
5845,IXA
5846,PRAGMATIC
5847,RTWARD
5848,EAU
5849,NGLENN
5850,RUBATTEL
5851,YAKEX
5852,FOD
5853,MBASTOS
5854,NICKS
5855,KHEDIN
5856,AMIRITE
5857,VINCENT
5858,DGRAHAM
5859,MOZNION
5860,TIEDEMANN
5861,FLYGOAST
5862,HGDEV
5863,ELBEHO
5864,HLIN
5865,YUUKI
5866,SILENCER
5867,TAUNGER
5868,BLACKWIND
5869,MIXI
5870,DEDMEDVED
5871,BPATEL
5872,GLTS
5873,TMCMEEKI
5874,JOSEF
5875,MCHE
5876,VICHOU
5877,AKRON
5878,MARKLEEUW
5879,JDS
5880,FESTY
5881,TOREAU
5882,FUKAI
5883,HVALVERDE
5884,SOTSA
5885,SATOSIN
5886,KAZUKIMA
5887,HOLLIE
5888,NMARLEY
5889,MEKK
5890,PASSANI
5891,MARIOROY
5892,NAVI
5893,PBLAIR
5894,THEOK
5895,GLITCHMR
5896,DJCURTIS
5897,DAVEWEBB
5898,APOCA
5899,GRYLLIDA
5900,KLOBYONE
5901,UMEYUKI
5902,SOH
5903,SHELDRAKE
5904,PETAMEM
5905,TAPPER
5906,NABOJ
5907,FXZUZ
5908,SHENSAP
5909,SWONG
5910,PETRIS
5911,TINCHO
5912,JDENNES
5913,SFLITMAN
5914,TOKAR
5915,SBLANTON
5916,ANDRE
5917,SASAKURE
5918,ANANTHBV
5919,SUREN
5920,ABABLABAB
5921,BERNHARD
5922,MPORT
5923,SAWAMUR
5924,HERALDB
5925,JSAILOR
5926,ADAMDH
5927,TSAITO
5928,MILOVIDOV
5929,ZMUGHAL
5930,CTHOR
5931,AKZHAN
5932,SRYNOBIO
5933,DGKONTOP
5934,JASPER
5935,EVOZON
5936,CHIM
5937,LAWSONK
5938,PERLOOK
5939,AVERNA
5940,MMAURICE
5941,GCJ
5942,WILLFORAN
5943,KKANE
5944,KESZLER
5945,ABBYPAN
5946,VGIRISH
5947,CRISPINI
5948,SMS
5949,PRIEZT
5950,AORLOV
5951,JCAMINS
5952,REBX
5953,CHENRYN
5954,ZYY
5955,TEAK
5956,PREACTION
5957,AANANDJHA
5958,BRIANC
5959,PAPIX
5960,GIDEON
5961,KROMG
5962,KAKTUS
5963,WATASHI
5964,MATHIAS
5965,MCARTMELL
5966,TPODER
5967,CAZADOR
5968,NLTBO
5969,EUGENEK
5970,JHK
5971,DJUNKIM
5972,STEVED
5973,YAKUBORI
5974,MICVU
5975,HDELGADO
5976,COWDAWG
5977,AITAP
5978,AMARSCHKE
5979,INTERINFO
5980,CCM
5981,HOFSTETTM
5982,TADZIK
5983,SHIRHA
5984,GUNYA
5985,DAYANUNE
5986,PACMAN
5987,SRCHULO
5988,GCHIAIA
5989,DVENABLE
5990,MATLADS
5991,JLEFLER
5992,MACOPY
5993,RUFF
5994,MIMOSINET
5995,CURTIS
5996,IANKENT
5997,CMOREL
5998,RWOODARD
5999,BLR
6000,LASTMAC
6001,MCOX
6002,BCONRY
6003,CBRANDT
6004,NICKL
6005,PECASTRO
6006,NETVARUN
6007,SPUDSOUP
6008,SRW
6009,MBASUNOV
6010,CARLSHEN
6011,HRUPP
6012,SILLYMOOS
6013,WETERS
6014,BDEUTSCH
6015,JMUECK
6016,NALOBIN
6017,SYSADM
6018,ROSASAUL
6019,EGA
6020,WALLMARI
6021,CLIPLAND
6022,AKXLIX
6023,WOLFTOWER
6024,MAJUSCULE
6025,HANDLE
6026,LURST
6027,GHANDI
6028,DAIN
6029,MICKEY
6030,OETIKER
6031,GOLOGO
6032,WILLBELL
6033,RINGERC
6034,OSLER
6035,MUGIFLY
6036,BURNERSK
6037,CARLOS
6038,GRIM
6039,EDGEWISE
6040,MCSNOLTE
6041,BIBLIOME
6042,ALUCILLO
6043,LAWALSH
6044,RITOU
6045,ZEBARDY
6046,PMATTHEWS
6047,STG
6048,AVKHOZOV
6049,SROMANOV
6050,ANANDJHA
6051,BOYDLE
6052,RUPERTL
6053,SYSDEF
6054,KSCHWAB
6055,SLOBO
6056,RIVILISM
6057,AFARIS
6058,SDRFNORD
6059,ESTRAI
6060,SWFLINT
6061,NOIRIN
6062,ACE
6063,GIMPSON
6064,TORITSUYO
6065,ANNIHITEK
6066,CDRAUG
6067,YPANDIT
6068,JAKEANQ
6069,DEBASHISH
6070,ZINIGOR
6071,TNT
6072,MANIGREW
6073,KJZ
6074,LABKEY
6075,ALVARO
6076,ONEONETWO
6077,BYUTRG
6078,ZAR
6079,BENNING
6080,SSTK
6081,XENOGEN
6082,BAVELING
6083,SRANDALLS
6084,DREBOLO
6085,SPACEBAT
6086,CHINAXING
6087,APIOLI
6088,DAVEGEE
6089,MIK
6090,ANANSI
6091,TAIYOH
6092,NJFRANCK
6093,TSTANTON
6094,DELTOMBE
6095,DGHOLZ
6096,QWER
6097,CHOWES
6098,RYEDDULA
6099,ROBH
6100,APHILIPP
6101,UNBIT
6102,COOLMEN
6103,DSYRTM
6104,CURSORK
6105,SWUECHO
6106,WAG
6107,NIELSD
6108,JRCOUNTS
6109,YSHIBATA
6110,BENMEYER
6111,VANSTYN
6112,MVHENTEN
6113,CITRIN
6114,SHANHE
6115,WEHU
6116,LXP
6117,CMADAMS
6118,AINAME
6119,SCILLEY
6120,TORBJORN
6121,NERDVANA
6122,TAIWOLF
6123,LIMITUSUS
6124,BLACKJ
6125,TXH
6126,AHORA
6127,OVNTATAR
6128,TBENK
6129,JJUDD
6130,CAFEGRATZ
6131,MKANDEL
6132,FANTASMA
6133,KPEE
6134,OKHARCH
6135,OKLAHOMER
6136,GILLESM
6137,AST
6138,HITHIM
6139,PAPKALA
6140,GRBHAT
6141,RAPHI
6142,WEBORAMA
6143,WSCHROED
6144,GMCYBER
6145,SWEETKID
6146,ADAMJS
6147,FGZ
6148,OPSVIEW
6149,ZAPAD
6150,GOCCY
6151,NAZAROV
6152,DOCCY
6153,MKRULL
